,player_name,position,age,height,weight,rating,value,follower,shots_total,shots_on,goals_total,goals_conceded,goals_assists,passes_total,passes_key,passes_accuracy,tackles_total,tackles_blocks,tackles_interceptions,duels_total,duels_won,dribbles_attempts,dribbles_success,fouls_drawn,fouls_committed,cards_yellow,cards_yellowred,cards_red,penalty_won,penalty_commited,penalty_success,penalty_missed,penalty_saved,games_appearences,games_lineups,substitutes_in,substitutes_out,substitutes_bench,games_played
0,A. Anguissa,2.0,25.0,184.0,78.0,2.3333333333333335,20.0,67879,0.554,0.1288,0.0129,0.0,0.0,22.1875,0.2706,3.2985,1.2112,0.1417,0.8504,3.4402,1.6621,1.4431,1.1467,0.5283,0.7473,0.1804,0.0129,0.0,0.0,0.0,0.0,0.0,0.0,1.4044,0.9277,0.4767,0.2577,0.5927,77.6111
1,A. Belotti,4.0,27.0,181.0,72.0,5.25,32.0,740918,2.8168,1.0538,0.4432,0.0,0.0985,12.3211,0.9554,4.0184,0.4629,0.0985,0.2659,12.3211,5.6829,1.9304,0.9947,2.8562,1.7039,0.1083,0.0,0.0,0.0394,0.0,0.0985,0.0295,0.0,1.0538,0.9947,0.0591,0.0689,0.0689,101.5333
2,A. Christensen,3.0,24.0,188.0,78.0,6.0,24.0,601838,0.3802,0.0613,0.0,0.0,0.0123,58.0175,0.1717,13.4528,1.0301,0.3802,1.3367,6.4627,4.194,0.1594,0.1594,0.5641,0.5886,0.0981,0.0,0.0,0.0,0.0,0.0,0.0,0.0,1.116,1.0056,0.1104,0.1839,0.7603,81.5444
3,A. Correa,4.0,25.0,171.0,70.0,7.0,32.0,652886,1.9736,0.8442,0.2282,0.0,0.2168,23.4897,1.5287,9.1609,0.7758,0.1141,0.9355,12.5833,5.0082,4.4378,2.544,1.6086,1.6542,0.2738,0.0114,0.0114,0.0114,0.0114,0.0,0.0,0.0,1.5515,0.9697,0.5818,0.6731,0.616,87.6556
4,A. Di MarÃ­a,2.0,32.0,180.0,75.0,4.833333333333333,32.0,11513791,3.0823,1.1138,0.4705,0.0,0.3745,32.2437,2.2277,6.1453,0.4321,0.048,0.4225,4.3785,1.738,3.2455,1.6804,0.6433,0.4225,0.096,0.0,0.0,0.0096,0.0192,0.0096,0.0096,0.0,1.2003,1.0754,0.1248,0.5857,0.2401,104.1444
5,A. DoucourÃ©,2.0,27.0,184.0,75.0,4.666666666666667,20.0,46206,1.5438,0.4384,0.1525,0.0,0.1048,46.3437,1.1245,4.6792,1.9632,0.2287,1.1341,10.216,4.8507,1.5724,1.0388,0.5146,1.2198,0.2668,0.0,0.0,0.0,0.0191,0.0,0.0,0.0,1.0388,1.0006,0.0381,0.1048,0.0381,104.9333
6,A. Golovin,2.0,24.0,180.0,69.0,4.666666666666667,20.0,11440,1.7539,0.6715,0.1403,0.0,0.1203,35.1882,1.4733,6.6347,0.8218,0.0501,1.0223,7.8675,3.7884,2.1648,1.5134,1.8441,1.5635,0.2706,0.01,0.01,0.0,0.0,0.0,0.01,0.0,1.1024,1.0323,0.0702,0.3408,0.0702,99.7778
7,A. Griezmann,4.0,29.0,176.0,73.0,6.666666666666667,96.0,30243196,2.6247,1.2356,0.5249,0.0,0.2261,29.607,1.5183,6.7839,0.4684,0.0323,0.4119,6.5174,2.8912,1.3083,0.7188,1.0499,0.6057,0.1696,0.0,0.0081,0.0162,0.0,0.0485,0.0,0.0,1.1064,1.0418,0.0646,0.3634,0.0969,123.8222
8,A. Grimaldo,3.0,25.0,171.0,67.0,5.090909090909091,28.0,453600,1.007,0.3492,0.065,0.0,0.1868,41.5566,1.4862,5.2545,1.2426,0.1056,1.2913,6.4727,3.5652,2.1197,1.2994,0.8852,0.5198,0.1137,0.0,0.0,0.0,0.0,0.0,0.0,0.0,1.0152,1.007,0.0081,0.0893,0.0081,123.1333
9,A. Hakimi,3.0,22.0,179.0,65.0,7.111111111111111,54.0,3118407,1.0298,0.3961,0.1848,0.0,0.2376,54.9216,1.0166,9.8357,1.2806,0.0792,1.109,6.5219,3.4722,3.4986,2.086,1.4919,0.6865,0.1056,0.0,0.0,0.0132,0.0,0.0,0.0,0.0,1.109,0.9638,0.1452,0.1584,0.4225,75.7444
10,A. Harit,2.0,23.0,180.0,67.0,6.714285714285714,24.0,1019540,1.2031,0.5363,0.1594,0.0,0.1305,29.483,1.7104,8.3347,0.4204,0.0145,0.6088,9.7697,5.1892,4.363,2.4642,3.5368,0.9277,0.1305,0.0,0.0,0.1015,0.0,0.0435,0.0,0.0,1.2756,1.0002,0.2754,0.4928,0.4638,68.9889
11,A. Iwobi,2.0,24.0,180.0,75.0,6.384615384615385,25.5,2393,2.1299,0.9481,0.1429,0.0,0.2078,42.8831,2.1169,12.4156,1.3377,0.1169,0.5844,10.4156,4.5974,3.961,2.4026,0.7143,0.6364,0.013,0.0,0.0,0.0,0.0,0.0,0.0,0.0,1.4416,1.013,0.4286,0.6753,0.7013,77.0
12,A. Kramaric,4.0,29.0,177.0,73.0,6.777777777777778,30.5,351898,3.3557,1.3951,0.5279,0.0,0.176,27.3481,1.8978,8.9485,0.088,0.0377,0.2765,5.5048,1.9481,1.9103,0.9677,0.9175,0.3393,0.1005,0.0,0.0,0.0,0.0,0.1131,0.0251,0.0,1.1814,0.9677,0.2137,0.2262,0.2639,79.5667
13,A. Lacazette,4.0,29.0,175.0,73.0,5.75,48.0,3141100,2.7988,1.1863,0.5183,0.0,0.2073,20.6629,1.3476,8.6383,1.1633,0.0576,0.3686,12.946,5.3097,2.2229,1.3591,1.647,1.6931,0.1267,0.0,0.0115,0.023,0.0,0.0346,0.0,0.0,1.3015,1.0136,0.2879,0.4953,0.4262,86.8222
14,A. Laporte,3.0,26.0,191.0,86.0,5.466666666666667,60.0,841807,0.5395,0.1349,0.0623,0.0,0.0415,69.0512,0.3424,11.0814,0.7574,0.1764,1.2659,7.3046,4.5654,0.2386,0.1556,0.6329,0.7989,0.1349,0.0,0.0,0.0104,0.0104,0.0,0.0,0.0,1.048,1.0272,0.0208,0.0934,0.1349,96.3778
15,A. Martial,4.0,25.0,181.0,76.0,6.615384615384615,17.5,5748682,2.6025,1.1386,0.488,0.0,0.2002,28.1899,1.6391,11.7865,0.488,0.0125,0.1251,11.3986,4.8047,4.1791,2.3148,1.5015,0.9509,0.0626,0.0,0.0,0.025,0.0,0.0626,0.0125,0.0,1.4639,1.026,0.4379,0.5756,0.563,79.9222
16,A. Meret,1.0,23.0,190.0,82.0,5.125,48.0,272236,0.0,0.0,0.0,1.1737,0.0,17.8286,0.0,8.4579,0.0,0.0,0.0559,0.3167,0.2236,0.0,0.0,0.149,0.0559,0.0,0.0,0.0186,0.0,0.0,0.0,0.0,0.0559,1.0246,1.006,0.0186,0.0186,0.6148,53.6778
17,A. Milik,4.0,26.0,186.0,80.0,5.818181818181818,28.0,1042684,3.9001,1.7924,0.6472,0.0,0.083,17.5751,1.1119,12.198,0.4481,0.083,0.1328,6.572,2.3898,0.7302,0.3485,1.1617,1.4273,0.2323,0.0,0.0,0.0,0.0,0.0332,0.0,0.0,1.4604,0.9626,0.4979,0.3983,0.7634,60.2556
18,A. Mitrovic,4.0,26.0,187.0,90.0,4.0,32.0,100461,3.7755,1.4144,0.5123,0.0,0.0557,19.4679,0.9467,4.0651,0.3898,0.1336,0.1671,12.2064,5.4907,1.3922,0.7239,1.5815,1.5815,0.2005,0.0,0.0,0.0223,0.0111,0.0334,0.0223,0.0,1.0358,1.0024,0.0334,0.078,0.0557,89.7889
19,A. Morata,4.0,28.0,190.0,84.0,6.0,20.0,11106560,3.6364,1.6268,0.4904,0.0,0.0957,15.9689,1.0287,11.1722,0.6459,0.1077,0.299,11.9498,5.012,2.0694,1.1722,2.0813,2.1172,0.323,0.0239,0.0,0.0,0.0,0.0,0.012,0.0,1.4234,1.0167,0.4067,0.5263,0.4904,83.6
20,A. Onana,1.0,24.0,190.0,93.0,4.909090909090909,16.0,562276,0.0154,0.0,0.0,0.8859,0.0,18.057,0.0077,4.6914,0.0,0.0,0.0693,0.2619,0.2157,0.0539,0.0539,0.0539,0.0077,0.1001,0.0,0.0,0.0,0.0,0.0,0.0,0.0231,1.0092,1.0015,0.0077,0.0077,0.0308,129.8111
21,A. Pereira,2.0,24.0,178.0,71.0,4.428571428571429,28.0,123684,1.8295,0.6492,0.0787,0.0,0.177,34.2099,1.6328,13.8885,1.0623,0.0393,0.7869,11.3508,4.2689,2.4787,1.2393,1.2197,1.8295,0.3148,0.0,0.0,0.0,0.0,0.0,0.0,0.0,1.7311,1.023,0.7082,0.6689,1.1016,50.8333
22,A. PÃ©rez,3.3333333333333335,26.333333333333332,180.0,72.66666666666667,4.666666666666667,16.0,189500,0.9041,0.2978,0.1383,0.0,0.0957,21.8166,0.5531,4.9037,1.1594,0.2234,0.9786,4.8186,2.4146,1.0105,0.6169,0.8191,1.085,0.2234,0.0106,0.0106,0.0,0.0213,0.0106,0.0,0.0,1.1275,1.0531,0.0745,0.2447,0.2872,94.0111
23,A. Rabiot,2.0,25.0,188.0,71.0,4.9,24.0,1741682,0.6609,0.1652,0.0826,0.0,0.1101,62.3406,0.7848,8.481,0.8674,0.1377,1.1152,7.173,4.1166,1.8587,1.363,1.0188,1.5282,0.1377,0.0138,0.0,0.0,0.0,0.0,0.0,0.0,1.2666,1.005,0.2616,0.3304,0.3993,72.6333
24,A. Ramsey,2.0,30.0,178.0,76.0,5.833333333333333,25.5,4059287,2.4223,0.993,0.331,0.0,0.2407,45.2557,1.324,11.8857,1.4594,0.0903,0.9178,8.6359,4.0923,1.7302,1.1886,1.4594,1.4443,0.0451,0.0,0.0,0.0451,0.0,0.015,0.0,0.0,1.4744,1.008,0.4664,0.4514,0.6169,66.4667
25,A. Robertson,3.0,26.0,178.0,64.0,5.916666666666667,24.0,2696305,0.5216,0.1625,0.0257,0.0,0.2138,52.4437,1.2741,7.1487,1.5905,0.1796,0.9321,6.0627,3.2238,1.0774,0.5986,0.2822,0.6157,0.1197,0.0,0.0,0.0,0.0086,0.0,0.0,0.0,1.0261,1.009,0.0171,0.1112,0.0941,116.9444
26,A. Romagnoli,3.0,25.0,185.0,75.0,7.0,64.0,793779,0.3598,0.1107,0.0461,0.0,0.0,51.1307,0.2122,6.6797,0.6458,0.5259,1.1625,4.3362,2.6756,0.083,0.0554,0.4152,0.9134,0.2214,0.0092,0.0092,0.0,0.0185,0.0092,0.0,0.0,1.0241,1.0056,0.0185,0.0646,0.0369,108.3889
27,A. RÃ¼diger,3.0,27.0,190.0,85.0,5.5,36.0,1242810,0.6708,0.148,0.0592,0.0,0.0099,62.1043,0.1776,9.4202,0.9371,0.3354,0.8779,7.4178,4.0048,0.2565,0.1874,0.4537,0.9568,0.1973,0.0,0.0,0.0,0.0,0.0,0.0,0.0,1.0357,0.9963,0.0395,0.0395,0.2367,101.3778
28,A. Saint-Maximin,2.0,23.0,173.0,67.0,4.384615384615385,40.0,409157,1.5546,0.5262,0.1674,0.0,0.0718,12.7598,1.1839,6.8164,0.2153,0.0239,0.1913,10.093,5.2259,5.3574,3.3006,1.3872,0.3109,0.0478,0.0,0.0,0.0239,0.0,0.012,0.012,0.0,1.148,1.0404,0.1076,0.586,0.1435,83.6222
29,A. Sandro,3.0,29.0,180.0,80.0,7.0,20.0,1971364,0.6674,0.1793,0.0498,0.0,0.1096,50.6032,1.2452,7.5905,1.0559,0.1594,1.3248,9.4234,5.3592,2.1716,1.4344,1.534,1.803,0.249,0.0,0.0,0.0,0.0398,0.0,0.0,0.0,1.0957,1.016,0.0797,0.1395,0.249,100.3889
30,A. Silva,1.8461538461538463,31.76923076923077,177.30769230769232,72.53846153846153,6.461538461538462,40.0,8752,0.6311,0.1674,0.0129,0.4508,0.0773,34.7353,0.5409,12.0421,1.2364,0.1288,0.7985,5.6926,2.7948,0.9659,0.6568,0.8887,0.9659,0.2576,0.0,0.0,0.0,0.0,0.0,0.0,0.0,1.2364,1.0175,0.2189,0.2318,0.322,77.6444
31,A. Telles,3.0,28.0,181.0,67.0,5.3,16.0,923192,0.8394,0.3228,0.1533,0.0,0.2583,25.6578,2.3325,4.4229,0.6618,0.1372,1.6142,5.0444,2.8329,0.8797,0.565,0.6295,1.0734,0.1372,0.0,0.0081,0.0,0.0081,0.0888,0.0242,0.0,1.025,0.9927,0.0323,0.0646,0.0323,123.9
32,A. TraorÃ©,3.4347826086956523,26.91304347826087,154.82608695652175,65.91304347826087,4.0,32.0,1394908,0.8265,0.2605,0.0809,0.0,0.1168,21.0311,0.9523,8.2022,0.9972,0.1168,1.0601,9.9092,5.5879,4.2583,3.2162,1.3386,1.0781,0.0988,0.0,0.009,0.018,0.0,0.0,0.009,0.0,1.3566,0.9972,0.3594,0.2695,0.6828,111.3111
33,A. Wan-Bissaka,3.0,23.0,183.0,72.0,5.7,25.5,1629273,0.2148,0.0126,0.0,0.0,0.0758,30.8593,0.6698,7.7211,3.7658,0.4802,2.2115,9.9832,6.4701,2.4895,1.6807,0.4928,0.6066,0.139,0.0,0.0126,0.0,0.0253,0.0,0.0,0.0,1.011,0.9983,0.0126,0.0379,0.1769,79.1333
34,A. Witsel,2.0,31.0,186.0,73.0,6.0,32.0,1451724,1.1155,0.2756,0.1312,0.0,0.0787,67.2178,0.5118,7.3885,1.0499,0.21,1.2598,4.6194,2.9003,1.0499,0.8793,1.4304,0.958,0.0787,0.0,0.0,0.0,0.0,0.0131,0.0,0.0,1.063,0.9843,0.0787,0.0656,0.0787,76.2
35,Alisson,1.0,28.0,193.0,91.0,4.2,21.5,6954286,0.0,0.0,0.0,0.7886,0.008,23.1578,0.0161,3.9267,0.0241,0.0,0.0483,0.3943,0.354,0.0724,0.0724,0.0483,0.0161,0.0161,0.0,0.008,0.0,0.0,0.0,0.0,0.0161,1.0058,1.0058,0.0,0.008,0.008,124.2778
36,Allan_NAP,2.0,29.0,173.0,73.0,6.909090909090909,72.0,473238,0.863,0.2183,0.0624,0.0,0.0832,54.2849,0.9982,9.3681,1.9131,0.1976,0.9774,12.7472,6.5088,2.9009,1.9027,1.8195,1.57,0.1768,0.0,0.0,0.0,0.0,0.0,0.0,0.0,1.2581,1.0085,0.2495,0.3015,0.2807,96.1778
37,AngeliÃ±o,3.0,23.0,175.0,69.0,5.916666666666667,32.0,165000,0.7653,0.3102,0.0517,0.0,0.2172,36.9183,2.1096,8.273,0.7963,0.1861,1.5098,6.5874,3.7952,2.0579,1.2823,1.0134,0.6101,0.0931,0.0,0.0,0.0,0.0,0.0,0.0,0.0,1.0238,1.0031,0.0207,0.062,0.1758,96.7
38,Anthony Lopes,1.0909090909090908,27.272727272727273,167.27272727272728,73.63636363636364,4.454545454545454,17.5,136526,0.0,0.0,0.0,1.0862,0.0,18.1079,0.0152,3.8813,0.0,0.0,0.0304,0.281,0.2355,0.0,0.0,0.1595,0.0304,0.0152,0.0,0.0,0.0,0.0,0.0,0.0,0.0152,1.0102,1.0026,0.0076,0.0076,0.0304,131.6556
39,B. Chilwell,3.0,24.0,178.0,77.0,5.555555555555555,40.0,282138,0.4998,0.1874,0.0208,0.0,0.1041,36.654,1.0934,5.5814,1.3953,0.1978,1.1454,11.4752,6.2166,2.1867,1.1975,1.1246,0.833,0.0833,0.0104,0.0,0.0,0.0,0.0,0.0,0.0,1.0413,0.9892,0.0521,0.0521,0.1562,96.0333
40,B. Cristante,2.0,25.0,186.0,80.0,6.3,20.0,158027,1.7798,0.4689,0.1812,0.0,0.0746,41.3606,1.2043,7.6732,0.8313,0.1385,0.9698,11.7123,5.4139,1.865,1.2469,0.5542,1.9822,0.2238,0.0,0.0107,0.0213,0.0,0.0,0.0107,0.0,1.2043,1.0231,0.1812,0.3197,0.2238,93.8333
41,B. Davies_TOT,3.0,27.0,181.0,76.0,7.090909090909091,17.5,266366,0.6018,0.1204,0.0267,0.0,0.107,42.4056,1.1768,11.9287,1.685,0.3611,1.0698,9.2675,5.0015,0.789,0.3878,0.7756,1.0698,0.1204,0.0,0.0,0.0,0.0267,0.0,0.0,0.0,1.2169,1.003,0.214,0.107,0.6018,74.7778
42,B. Kamara_MSU,3.0,21.0,184.0,68.0,4.363636363636363,27.0,408100,0.5114,0.142,0.0426,0.0,0.0426,45.2273,0.3409,8.4233,1.6051,0.4261,1.5483,6.2926,3.679,0.767,0.4972,1.1364,1.0227,0.2557,0.0142,0.0284,0.0,0.0426,0.0,0.0,0.0,1.108,1.0085,0.0994,0.0568,0.4403,70.4
43,B. Leno,1.0,28.0,190.0,83.0,3.8181818181818183,28.0,834169,0.0,0.0,0.0,1.2417,0.0,20.4739,0.0284,4.1517,0.0,0.0,0.0569,0.5782,0.4739,0.0095,0.0095,0.1706,0.0,0.0284,0.0,0.0,0.0,0.0,0.0,0.0,0.0095,0.9953,0.9858,0.0095,0.0,0.2749,105.5
44,B. Pavard,3.0,24.0,186.0,76.0,5.25,28.0,1705469,0.4999,0.1574,0.0463,0.0,0.0463,51.4431,0.4166,4.8231,0.611,0.3518,1.7219,5.721,3.3141,0.5092,0.287,0.5832,0.8424,0.1203,0.0,0.0,0.0,0.0278,0.0093,0.0,0.0,0.9998,0.9998,0.0,0.0093,0.0185,108.0222
45,B. Silva,2.0,26.0,173.0,64.0,6.642857142857143,80.0,2076355,1.8257,0.7706,0.2752,0.0,0.2936,50.1468,2.1651,10.4679,1.1376,0.0642,0.7706,9.3119,4.3853,2.945,1.9633,0.8991,0.8716,0.1009,0.0,0.0,0.0275,0.0092,0.0092,0.0,0.0,1.3486,0.9633,0.3853,0.2385,0.4954,109.0
46,C. Azpilicueta,3.0,31.0,178.0,76.0,6.538461538461538,24.0,896732,0.4732,0.1554,0.0565,0.0,0.1201,56.709,0.8263,7.0056,2.0127,0.4802,1.5537,7.8884,4.6116,0.4237,0.2119,0.4167,0.9251,0.0777,0.0,0.0,0.0141,0.0071,0.0212,0.0071,0.0,1.0169,0.9887,0.0282,0.0424,0.0706,141.6
47,C. Eriksen,2.0,28.0,182.0,76.0,6.3125,68.0,2041938,2.6197,1.0339,0.2629,0.0,0.2891,47.7161,2.4796,9.8043,1.1478,0.0613,0.7798,6.7202,2.646,1.2442,0.6484,0.5607,0.5169,0.0789,0.0,0.0,0.0,0.0,0.0088,0.0,0.0,1.2004,0.9638,0.2366,0.1928,0.3154,114.1333
48,C. Immobile,4.0,30.0,185.0,78.0,6.7,40.0,1143091,3.8055,1.7598,0.7861,0.0,0.2501,21.4035,1.5633,6.3156,0.1608,0.0089,0.0804,5.7886,2.3494,2.0457,0.9737,1.2328,0.8218,0.1608,0.0,0.0089,0.0536,0.0,0.2233,0.0357,0.0,1.1256,1.0094,0.1161,0.268,0.134,111.9444
49,C. KouamÃ©,4.0,23.0,185.0,70.0,3.375,17.5,59800,1.609,0.5448,0.2787,0.0,0.1014,11.7188,0.9122,3.484,0.2914,0.0887,0.3421,8.5389,4.3581,1.5329,0.7348,1.6216,0.9502,0.1014,0.0,0.0,0.0507,0.0,0.0,0.0,0.0,1.2416,0.9882,0.2534,0.3547,0.2787,78.9333
50,C. Lenglet,3.0,25.0,186.0,81.0,7.0,48.0,1835812,0.4853,0.1673,0.0753,0.0,0.0167,50.7186,0.1171,6.5009,0.845,0.4183,1.1128,6.6264,3.8905,0.3932,0.3012,0.7446,1.2968,0.251,0.0167,0.0084,0.0,0.0167,0.0,0.0,0.0,1.0626,0.9956,0.0669,0.0418,0.2175,119.5222
51,C. Pulisic,2.0,22.0,172.0,69.0,6.733333333333333,54.0,2677415,2.6615,0.9836,0.2459,0.0,0.3038,39.2575,1.9672,15.8679,0.8245,0.1302,0.5786,21.4947,9.2864,9.1707,4.6866,2.1553,0.8245,0.0434,0.0,0.0,0.0579,0.0,0.0,0.0,0.0,1.3597,0.9981,0.3616,0.4629,0.4918,69.1333
52,C. Ronaldo,4.0,35.0,187.0,83.0,6.181818181818182,60.0,222106900,5.8747,2.3499,0.8676,0.0,0.1808,26.9422,1.4461,6.5977,0.1808,0.0633,0.244,6.3447,3.2266,2.5397,1.5726,1.3557,0.6688,0.0813,0.0,0.009,0.0181,0.0,0.1898,0.0181,0.0,1.0484,1.0213,0.0271,0.0994,0.0362,110.6444
53,C. Soler,2.0,23.0,180.0,76.0,7.0,40.0,160657,1.5037,0.5439,0.0853,0.0,0.1386,28.1017,1.1091,7.54,0.8319,0.16,0.4266,8.4038,3.8926,1.717,0.8958,1.6744,1.5677,0.2346,0.0,0.0,0.0107,0.0107,0.0,0.0,0.0,1.2158,0.9918,0.224,0.4159,0.3093,93.7667
54,C. Stengs,4.0,22.0,187.0,68.0,4.375,18.0,61673,2.0644,0.6934,0.2364,0.0,0.2049,26.948,1.7965,6.3667,0.6304,0.0473,0.3309,2.8839,1.1347,2.9942,1.828,0.52,0.6934,0.0788,0.0,0.0,0.0158,0.0,0.0,0.0,0.0,1.1031,1.0401,0.063,0.3467,0.0788,63.4556
55,C. Wilson,4.0,28.0,180.0,66.0,5.111111111111111,24.0,292000,2.0466,0.826,0.4068,0.0,0.1356,10.7014,0.9863,6.0534,0.3575,0.111,0.1479,11.4904,3.6,1.5658,0.7151,1.1589,1.5904,0.1479,0.0,0.0,0.0493,0.0,0.0123,0.0123,0.0,1.1959,0.9986,0.1973,0.3329,0.2342,81.1111
56,C. Ãœnder,2.0,23.0,173.0,66.0,6.4,24.0,979374,2.6569,0.8918,0.3159,0.0,0.2044,21.5339,1.7093,12.0211,0.2973,0.0557,0.7803,6.6515,2.8984,3.1771,1.9323,1.3749,0.353,0.0743,0.0,0.0,0.0,0.0186,0.0,0.0,0.0,1.6536,1.0776,0.576,0.7989,1.0219,53.8222
57,Casemiro,2.0,28.0,185.0,84.0,7.2727272727272725,64.0,12051174,1.2679,0.3675,0.1378,0.0,0.0643,53.2411,0.6615,8.6086,1.8467,0.3307,1.9477,10.7952,6.0545,0.8728,0.6707,1.8283,2.0304,0.2664,0.0092,0.0,0.0092,0.0276,0.0,0.0,0.0,1.0841,1.0382,0.0459,0.1929,0.1837,108.8444
58,D. Alaba,3.0,28.0,180.0,78.0,6.4,52.0,4945797,1.1437,0.3586,0.0582,0.0,0.1066,57.4251,1.0952,7.4725,0.6106,0.1648,0.911,4.3226,2.3552,0.9983,0.5331,0.3295,0.4652,0.0678,0.0,0.0,0.0,0.0,0.0097,0.0,0.0,1.0952,0.9983,0.0969,0.1066,0.1357,103.1778
59,D. Alli,2.0,24.0,188.0,76.0,6.461538461538462,64.0,7285080,1.9422,0.7155,0.2788,0.0,0.2695,32.4223,1.5983,8.9489,1.2359,0.1673,0.6691,11.3836,4.9995,3.0666,1.3753,1.6727,0.9943,0.1673,0.0,0.0,0.0279,0.0,0.0279,0.0,0.0,1.1802,1.0222,0.158,0.4832,0.1859,107.6111
60,D. Berardi,4.0,26.0,183.0,72.0,4.142857142857143,19.0,123675,3.6643,1.0968,0.2991,0.0,0.1371,25.6627,1.8571,3.7017,0.6356,0.0374,0.8226,9.6718,4.1379,2.6049,1.3835,2.3556,1.8197,0.2368,0.0,0.0374,0.0,0.0,0.0374,0.0374,0.0,1.1591,1.0469,0.1122,0.3614,0.1745,80.2333
61,D. Blind,3.0,30.0,180.0,72.0,5.461538461538462,20.0,2499039,0.7457,0.1982,0.0661,0.0,0.0661,59.7011,0.6513,7.5606,0.9439,0.3964,1.3686,5.5218,3.1337,0.8967,0.6607,0.5852,0.7362,0.085,0.0094,0.0,0.0,0.0189,0.0094,0.0,0.0,1.0666,1.0005,0.0661,0.0755,0.1793,105.9444
62,D. Calvert-Lewin,4.0,23.0,176.0,71.0,7.1,24.0,194987,2.5209,1.0057,0.4157,0.0,0.1341,12.9797,0.7375,8.2866,0.4827,0.0939,0.3218,19.2685,8.0051,1.5822,0.7911,1.475,1.8504,0.2011,0.0,0.0,0.067,0.0,0.0,0.0,0.0,1.5286,0.9654,0.5632,0.362,0.6302,74.5778
63,D. Carvajal,3.0,28.0,173.0,73.0,7.0,40.0,4956744,0.5583,0.2741,0.0203,0.0,0.1929,56.5723,1.4821,9.5421,1.1471,0.3756,1.4313,7.3393,3.8879,1.8678,1.1674,1.1166,1.5836,0.3756,0.0,0.0102,0.0,0.0305,0.0,0.0,0.0,1.0456,1.0151,0.0305,0.0508,0.0914,98.5111
64,D. James,2.0,23.0,170.0,76.0,4.583333333333333,22.5,1773988,2.2536,0.8371,0.161,0.0,0.2093,23.1801,1.1751,10.1896,0.7083,0.0805,0.2415,9.4008,4.7487,2.6078,1.3683,2.5112,0.5473,0.0805,0.0,0.0,0.0644,0.0,0.0,0.0,0.0,1.2234,1.0141,0.2093,0.4668,0.4346,62.1222
65,D. Jota,4.0,24.0,178.0,68.0,5.6,28.0,190719,2.6278,1.1043,0.4397,0.0,0.1329,23.998,1.2065,6.7587,0.5828,0.0102,0.4294,15.3681,6.4622,4.3354,2.4233,2.2393,1.6258,0.2658,0.0102,0.0,0.0204,0.0,0.0102,0.0102,0.0,1.227,1.0634,0.1636,0.6748,0.1636,97.8
66,D. Malen,4.0,21.0,179.0,0.0,2.6923076923076925,25.0,118651,2.1728,1.2031,0.7362,0.0,0.1077,12.929,1.0595,6.5543,0.1437,0.018,0.1257,2.9629,1.5263,1.6341,1.0774,0.8081,0.4489,0.1975,0.0,0.0,0.0359,0.0,0.0359,0.0,0.0,1.6341,0.8799,0.7542,0.2694,0.9876,55.6889
67,D. McNeil,4.0,21.0,0.0,0.0,3.0,18.0,13330,1.2489,0.3317,0.0976,0.0,0.1951,18.5776,1.366,8.196,1.5221,0.1171,0.7025,10.8305,4.8786,3.4736,1.8734,0.722,0.7025,0.1171,0.0,0.0,0.0,0.0,0.0,0.0,0.0,1.1318,1.0343,0.0976,0.3513,0.1951,51.2444
68,D. Mertens,4.0,33.0,169.0,61.0,6.583333333333333,20.0,1675015,3.5948,1.4158,0.5322,0.0,0.2611,22.1009,2.179,8.0832,0.3816,0.0,0.3414,6.2055,2.3095,1.9279,0.9138,1.0744,1.1748,0.1305,0.0,0.0,0.0502,0.0,0.0703,0.0201,0.0,1.2953,0.974,0.3213,0.4318,0.3514,99.5889
69,D. Neres,4.0,23.0,176.0,66.0,4.777777777777778,36.0,2118462,1.9206,0.8808,0.3915,0.0,0.3058,28.8215,1.6515,6.0188,0.5016,0.0122,0.4404,10.0557,4.7587,4.2939,2.6546,1.4313,0.7829,0.0734,0.0,0.0,0.0367,0.0,0.0,0.0,0.0,1.309,0.9909,0.3181,0.5016,0.4037,81.7444
70,D. Parejo,2.0,31.0,182.0,74.0,7.333333333333333,28.0,276500,1.2082,0.5223,0.2183,0.0,0.1637,57.4563,2.128,6.0177,0.9977,0.1637,1.0523,7.5377,4.1547,1.6837,1.216,2.0657,0.9666,0.265,0.0078,0.0156,0.0078,0.0234,0.1403,0.039,0.0,1.0445,1.0133,0.0312,0.0702,0.0312,128.2889
71,D. Pereira,2.0,29.0,188.0,83.0,4.2,24.0,343156,1.2451,0.2779,0.0778,0.0,0.0556,38.4968,0.378,5.6139,0.7448,0.1556,1.1784,7.0035,4.2354,0.8004,0.5558,1.1784,1.1339,0.189,0.0,0.0,0.0,0.0,0.0,0.0,0.0,1.0783,1.0116,0.0667,0.1667,0.1,89.9556
72,D. Praet,2.0,26.0,181.0,78.0,6.0,19.0,107659,1.0609,0.3381,0.0466,0.0,0.1049,40.7215,1.0376,6.9365,1.2358,0.0699,1.1425,9.3381,4.8031,2.0751,1.3174,1.0376,0.851,0.1516,0.0,0.0,0.0117,0.0117,0.0,0.0,0.0,1.1775,1.0259,0.1516,0.3381,0.2681,85.7778
73,D. Rice,2.0,21.0,185.0,76.0,5.7,49.5,238354,0.5541,0.1551,0.0222,0.0,0.0332,38.0522,0.3546,7.0475,2.6262,0.3546,1.8616,9.3081,5.3189,1.0749,0.8089,0.1441,0.6205,0.1108,0.0,0.0,0.0,0.0111,0.0,0.0,0.0,1.1192,0.9862,0.133,0.0665,0.2992,90.2444
74,D. SÃ¡nchez,3.0,24.0,187.0,81.0,6.0,48.0,610150,0.3844,0.0961,0.0192,0.0,0.0096,54.8206,0.1249,9.7245,1.3165,0.4612,1.3837,7.3126,4.1031,0.2787,0.2306,0.4132,0.8937,0.1345,0.0,0.0096,0.0,0.0096,0.0,0.0,0.0,1.0762,1.009,0.0673,0.0577,0.2787,104.0667
75,D. Upamecano,3.0,22.0,185.0,83.0,7.0,45.0,99135,0.5587,0.1938,0.0342,0.0,0.0,51.9547,0.2964,9.3489,1.1287,0.3306,1.8812,7.3309,4.4692,0.9577,0.7411,0.456,1.0603,0.228,0.0114,0.0,0.0,0.057,0.0,0.0,0.0,1.0717,1.0147,0.057,0.0912,0.1482,87.7111
76,D. Zakaria,2.0,24.0,191.0,80.0,6.0,36.0,65712,1.019,0.3081,0.1066,0.0,0.0355,32.2986,0.5806,7.109,1.1019,0.2844,1.564,6.7299,3.2701,2.263,1.3744,0.782,1.5284,0.3436,0.0,0.0,0.0,0.0118,0.0,0.0,0.0,1.2085,1.0308,0.1777,0.2962,0.2014,84.4
77,D. Zapata,4.0,29.0,186.0,80.0,4.909090909090909,36.0,472073,3.871,1.659,0.641,0.0,0.2639,18.8018,1.8224,7.7419,0.1634,0.2262,0.1382,11.4746,4.8136,2.4885,1.1563,2.3754,1.8726,0.1131,0.0,0.0,0.0503,0.0,0.0377,0.0126,0.0,1.2442,1.0054,0.2388,0.3896,0.2765,79.5667
78,D. de Gea,1.0,30.0,192.0,76.0,4.923076923076923,40.0,10998619,0.0,0.0,0.0,1.0155,0.0,14.3256,0.0078,4.2868,0.0,0.0,0.0,0.2481,0.2171,0.0078,0.0078,0.1163,0.0078,0.0233,0.0,0.0,0.0,0.0,0.0,0.0,0.0,1.0,1.0,0.0,0.0,0.0543,129.0
79,D. van de Beek,2.0,23.0,184.0,76.0,4.75,44.0,1087517,1.8555,0.7831,0.3405,0.0,0.2298,28.9729,1.5321,5.2856,0.9363,0.0936,0.9192,5.4218,2.8003,1.515,0.9788,0.6894,0.732,0.1277,0.0,0.0,0.017,0.0,0.0,0.0,0.0,1.1405,1.0214,0.1192,0.3149,0.1702,117.4889
80,DjenÃ©,3.0,29.0,187.0,72.0,6.0,24.0,17900,0.3072,0.0576,0.0096,0.0,0.0,19.8699,0.1248,3.7532,0.8063,0.1728,1.843,6.8729,4.0028,0.6623,0.5471,0.7967,1.4494,0.2688,0.0192,0.0096,0.0192,0.048,0.0,0.0,0.0,1.0175,1.0079,0.0096,0.0384,0.0288,104.1778
81,E. Can,2.0,26.0,184.0,82.0,4.6923076923076925,24.0,2823284,1.3131,0.3812,0.1694,0.0,0.0706,48.2335,0.819,12.1572,1.8356,0.2542,1.2284,10.251,5.9162,1.6238,1.2002,1.2708,1.6661,0.3812,0.0,0.0141,0.0141,0.0282,0.0141,0.0,0.0,1.3414,0.9743,0.3671,0.2824,0.6495,70.8222
82,E. Cavani,4.0,33.0,184.0,71.0,4.833333333333333,20.0,7174135,2.9644,1.4264,0.8682,0.0,0.1861,12.6392,0.9055,7.5165,0.2357,0.0496,0.2853,3.3862,1.4016,0.7938,0.4465,0.5706,0.645,0.1116,0.0,0.0,0.0744,0.0,0.124,0.0372,0.0,1.2528,1.0295,0.2233,0.3473,0.3225,80.6222
83,E. Dier,2.0,26.0,188.0,88.0,6.461538461538462,20.0,827133,0.681,0.1703,0.0341,0.0,0.0568,52.9739,0.454,11.3734,1.3621,0.3973,1.1918,8.0136,4.2565,0.4313,0.3292,0.3178,0.9989,0.193,0.0,0.0,0.0,0.0,0.0,0.0114,0.0,1.1918,1.0102,0.1816,0.2043,0.5221,88.1
84,E. Forsberg,2.0,29.0,179.0,78.0,5.909090909090909,22.5,122997,2.1617,0.8711,0.3549,0.0,0.242,26.8919,2.3069,11.0181,0.5969,0.0323,0.371,7.8562,3.7587,3.1135,1.952,1.4841,0.7905,0.0161,0.0,0.0161,0.0,0.0,0.1452,0.0,0.0,1.468,1.0002,0.4678,0.5969,0.6775,61.9889
85,E. Hazard,4.0,29.0,175.0,74.0,6.416666666666667,80.0,26855201,2.4496,1.1405,0.3967,0.0,0.2876,40.8694,2.9256,8.2612,0.2777,0.0,0.3074,12.7934,7.676,6.6248,4.8694,3.1835,0.476,0.0595,0.0,0.0,0.0595,0.0,0.119,0.0,0.0,1.2099,0.9917,0.2182,0.4661,0.2678,100.8333
86,Ederson,1.0,27.0,188.0,86.0,4.666666666666667,56.0,1870271,0.0,0.0,0.0,0.8109,0.0154,21.2855,0.0463,5.2905,0.0386,0.0,0.0463,0.5638,0.4711,0.0154,0.0154,0.1004,0.0309,0.0618,0.0,0.0077,0.0,0.0,0.0,0.0,0.0309,1.0118,1.0118,0.0,0.0154,0.1699,129.4778
87,F. Anderson,2.0,27.0,175.0,70.0,7.166666666666667,32.0,501782,1.6085,0.6546,0.2057,0.0,0.2057,40.1184,1.8703,8.7344,2.5997,0.0187,1.2157,14.177,6.9202,4.9938,2.7868,1.4589,0.8978,0.0748,0.0,0.0,0.0,0.0187,0.0,0.0,0.0,1.2157,1.0661,0.1496,0.4863,0.1683,53.4667
88,F. Bernardeschi,4.0,26.0,185.0,77.0,6.4,28.0,2294890,2.7543,0.8917,0.1783,0.0,0.1982,29.3461,1.6843,14.4055,0.3369,0.0,0.5945,8.144,4.0423,2.8732,1.6645,2.0211,1.4069,0.2972,0.0,0.0198,0.0793,0.0,0.0,0.0,0.0,1.8626,0.8917,0.9709,0.6341,1.4267,50.4667
89,F. Chiesa,4.0,23.0,175.0,70.0,6.142857142857143,48.0,345689,3.4346,1.1015,0.2503,0.0,0.1302,17.3732,1.502,4.4059,0.6609,0.01,0.3505,10.2537,4.3959,3.9853,1.9927,1.6422,1.5821,0.1702,0.0,0.0,0.0801,0.0,0.01,0.01,0.0,1.0915,1.0314,0.0601,0.2804,0.0701,99.8667
90,F. Coquelin,2.0,29.0,176.0,74.0,6.538461538461538,19.0,42457,0.4633,0.1123,0.014,0.0,0.0281,41.869,0.5616,14.1669,1.1934,0.2527,2.3729,7.2871,4.0858,1.5445,1.1654,1.2356,1.2917,0.2949,0.014,0.0,0.014,0.014,0.0,0.0,0.0,1.3198,0.9688,0.351,0.3791,0.6037,71.2222
91,F. Grillitsch,2.0,25.0,187.0,74.0,4.9,20.0,23993,1.0237,0.2437,0.0487,0.0,0.0975,48.0772,0.9749,7.0806,1.3527,0.1706,2.0718,9.3229,5.1916,1.4137,0.914,1.7427,1.3284,0.2559,0.0,0.0,0.0,0.0122,0.0,0.0,0.0,1.1699,1.0237,0.1462,0.2681,0.2559,82.0556
92,F. KessiÃ©,2.0,24.0,183.0,74.0,7.0,20.0,518657,1.5138,0.4007,0.1158,0.0,0.0801,38.9492,1.1843,6.1888,0.6411,0.1336,0.7836,8.1211,3.7133,1.7097,1.1398,1.0062,1.5405,0.2226,0.0,0.0,0.0089,0.0267,0.0623,0.0089,0.0,1.0686,1.0151,0.0534,0.1692,0.1069,112.3
93,F. Kostic,2.0,28.0,184.0,82.0,7.333333333333333,32.0,148036,2.2878,0.886,0.2467,0.0,0.3252,20.7701,2.4449,4.486,1.6598,0.1009,0.7402,6.2131,3.2187,3.3645,2.0075,1.0766,1.0206,0.157,0.0,0.0112,0.0,0.0112,0.0,0.0,0.0,1.0206,0.9981,0.0224,0.1121,0.0336,89.1667
94,F. Mendy,3.0,25.0,180.0,73.0,3.5,32.0,1135175,0.6935,0.1763,0.0353,0.0,0.094,43.7599,1.1401,5.83,0.7993,0.141,1.1284,8.4158,5.066,2.6446,1.8571,1.5163,1.0461,0.141,0.0118,0.0,0.0118,0.047,0.0,0.0,0.0,1.1636,0.9756,0.1881,0.0823,0.4349,85.0778
95,F. Neuhaus,2.0,23.0,183.0,74.0,7.142857142857143,17.5,46916,2.2773,0.7848,0.1801,0.0,0.1415,32.05,1.0936,7.2823,0.7977,0.0772,0.9135,7.8227,3.8728,2.6762,1.5697,1.8142,1.1451,0.2445,0.0,0.0,0.0643,0.0,0.0,0.0,0.0,1.2223,1.0422,0.1801,0.5147,0.2702,77.7222
96,F. Ruiz,2.0,24.0,189.0,70.0,7.111111111111111,48.0,431271,1.9934,0.6117,0.1371,0.0,0.1266,65.4459,1.6559,8.1425,1.2446,0.1055,1.2551,7.8577,4.4299,2.5313,1.8352,0.9598,0.7067,0.116,0.0105,0.0,0.0,0.0,0.0,0.0,0.0,1.1286,0.9914,0.1371,0.1899,0.2742,94.8111
97,F. Thauvin,2.0,27.0,179.0,70.0,3.7,32.0,1106225,3.3366,1.2765,0.5561,0.0,0.2781,31.2428,1.8579,5.106,0.3665,0.0126,0.3286,12.3733,5.9781,4.373,2.7426,1.504,0.8847,0.2149,0.0,0.0126,0.0253,0.0,0.0632,0.0126,0.0,1.1754,1.049,0.1264,0.5435,0.1769,79.1222
98,F. Tomori,3.0,23.0,185.0,75.0,5.0,16.0,536092,0.4789,0.1528,0.0408,0.0,0.0408,46.075,0.3362,8.5181,1.2227,0.5706,1.4367,8.9664,5.4002,0.7336,0.5604,0.54,0.7947,0.163,0.0,0.0,0.0,0.0,0.0,0.0,0.0,1.0495,1.0087,0.0408,0.0611,0.377,98.1444
99,F. Torres_Val,2.0,20.0,184.0,77.0,7.0,45.0,136076,1.4554,0.5627,0.1746,0.0,0.194,22.1216,1.3195,12.9043,0.815,0.0388,0.6986,6.0931,3.0466,3.26,1.8823,1.3583,1.0867,0.2135,0.0,0.0,0.0,0.0,0.0,0.0,0.0,1.6882,0.9314,0.7568,0.4657,1.3972,51.5333
100,F. de Jong,2.0,23.0,180.0,74.0,4.454545454545454,72.0,7020902,0.5284,0.1887,0.0566,0.0,0.1227,60.9875,1.0945,5.878,0.7925,0.1698,1.1982,6.3686,4.1702,2.3965,1.953,1.1605,0.585,0.0755,0.0094,0.0,0.0189,0.0,0.0,0.0,0.0,1.1322,1.0095,0.1227,0.2359,0.2076,105.9889
101,Fabinho,2.0,27.0,188.0,78.0,5.3076923076923075,56.0,1820950,0.6294,0.177,0.0983,0.0,0.0688,51.5845,0.7671,8.1335,1.5736,0.1377,1.2589,11.5463,6.678,0.9245,0.6589,1.4162,1.4851,0.2852,0.0,0.0,0.0098,0.0,0.0393,0.0,0.0,1.1409,0.9737,0.1672,0.0688,0.2655,101.6778
102,Felipe_POR,3.0,31.0,190.0,83.0,4.666666666666667,25.5,561000,0.871,0.3054,0.0905,0.0,0.0339,38.8122,0.1357,3.6199,0.4299,0.2602,2.138,8.6199,5.7127,0.3733,0.2941,0.7466,1.1312,0.2489,0.0226,0.0113,0.0226,0.0113,0.0,0.0,0.0,0.9955,0.9955,0.0,0.0113,0.0339,88.4
103,Fred,2.0,27.0,169.0,64.0,5.818181818181818,17.5,5309528,1.0243,0.2276,0.0797,0.0,0.0569,40.1517,0.8308,8.5243,1.3998,0.148,0.9788,7.17,3.2777,1.3316,0.9788,1.0015,1.1267,0.3414,0.0114,0.0,0.0,0.0114,0.0114,0.0,0.0,1.1495,1.0129,0.1366,0.2049,0.4097,87.8667
104,G. Bale,4.0,31.0,185.0,81.0,6.5,32.0,43242138,3.4537,1.4341,0.5268,0.0,0.2049,27.2049,1.4634,13.1268,0.2927,0.0732,0.5854,7.639,3.7024,2.1951,1.3024,0.8488,0.9951,0.1902,0.0146,0.0,0.0293,0.0,0.0439,0.0,0.0,1.4195,0.9951,0.4244,0.6146,0.5415,68.3333
105,G. Castrovilli,2.0,23.0,176.0,71.0,2.3333333333333335,20.0,124165,0.4302,0.1335,0.1335,0.0,0.0297,9.3605,0.4154,2.1955,0.5785,0.0297,0.2225,0.0,0.0,1.5131,1.0829,0.9049,0.6972,0.2522,0.0,0.0,0.0148,0.0148,0.0,0.0,0.0,1.2164,1.0087,0.2077,0.4302,0.3264,67.4111
106,G. Deulofeu,4.0,26.0,177.0,73.0,5.0,20.0,1974850,2.6079,0.9803,0.3144,0.0,0.185,24.3958,1.6091,6.9729,0.9433,0.0,0.7953,11.4118,4.254,4.2725,2.4414,0.7768,0.8138,0.111,0.0,0.0,0.037,0.0,0.0185,0.0,0.0,1.2947,1.0727,0.2219,0.7768,0.2959,54.0667
107,G. Donnarumma,1.0,21.0,196.0,90.0,5.555555555555555,49.5,1738012,0.0,0.0,0.0,1.0033,0.0,20.0,0.0251,4.3562,0.0167,0.0,0.0334,0.2508,0.2174,0.0084,0.0084,0.0669,0.0,0.092,0.0,0.0,0.0,0.0,0.0,0.0,0.0251,1.0117,1.0117,0.0,0.0251,0.0836,119.6
108,G. Guedes,2.0,24.0,179.0,68.0,6.181818181818182,22.5,459148,2.1047,0.7065,0.2208,0.0,0.2061,25.4178,1.4571,11.8626,0.4857,0.0,0.5004,11.7007,6.0491,4.2535,2.502,2.8553,1.2805,0.1177,0.0,0.0,0.0294,0.0,0.0,0.0,0.0,1.3835,1.0008,0.3827,0.4857,0.5298,67.9444
109,G. HiguaÃ­n,4.0,33.0,186.0,89.0,6.846153846153846,25.5,88500,3.241,1.2665,0.4388,0.0,0.1596,18.8676,1.1368,10.2116,0.349,0.0199,0.2194,6.5917,2.8421,2.4133,1.456,1.0471,0.718,0.1197,0.0,0.01,0.01,0.0,0.0199,0.0299,0.0,1.2066,0.9972,0.2094,0.3091,0.3191,100.2778
110,G. Jesus,4.0,23.0,175.0,73.0,6.666666666666667,56.0,14298157,3.473,1.8333,0.723,0.0,0.2195,25.137,1.4589,11.8003,0.8263,0.0387,0.4906,11.0257,4.5962,2.5563,1.6009,1.2911,1.1878,0.142,0.0,0.0,0.0258,0.0,0.0646,0.0387,0.0,1.6267,0.9296,0.6972,0.4002,0.8908,77.4556
111,G. Kondogbia,2.0,27.0,188.0,80.0,5.7272727272727275,22.5,14179,1.0551,0.227,0.0935,0.0,0.0668,43.3506,0.5075,10.2166,1.4156,0.3072,2.3238,11.018,6.0499,1.6961,1.3889,1.6293,1.7495,0.3606,0.0134,0.0,0.0,0.0267,0.0,0.0134,0.0,1.1752,1.0283,0.1469,0.2404,0.2938,74.8778
112,G. Lo Celso,2.0,24.0,177.0,68.0,5.818181818181818,40.0,1173967,1.9484,0.7938,0.2887,0.0,0.1203,48.7826,1.2268,9.3211,1.3471,0.0842,0.6856,10.5118,5.6288,3.4518,2.201,2.1769,1.2629,0.2646,0.012,0.0,0.0241,0.012,0.0241,0.0241,0.0,1.4673,0.9141,0.5533,0.2646,0.7216,83.1444
113,G. Mancini,3.0,24.0,190.0,77.0,5.333333333333333,22.5,139915,0.9419,0.2502,0.1177,0.0,0.0294,42.314,0.3385,7.9918,1.3835,0.2796,1.8692,4.9894,2.9289,0.4415,0.4121,0.78,1.7073,0.3385,0.0294,0.0,0.0,0.0442,0.0,0.0,0.0,1.1627,1.0155,0.1472,0.2355,0.8242,67.9444
114,G. Martins,4.0,25.0,173.0,72.0,4.428571428571429,20.0,216031,1.5081,0.664,0.2363,0.0,0.1463,24.1515,1.2605,8.1818,0.5515,0.0225,0.664,9.2735,4.3666,3.984,2.3746,1.6994,1.0129,0.1238,0.0113,0.0113,0.0113,0.0113,0.0,0.0,0.0,1.1479,0.9904,0.1576,0.2814,0.3039,88.8556
115,G. Paulista,3.0,30.0,185.0,72.0,4.846153846153846,17.5,830644,0.441,0.072,0.009,0.0,0.009,41.1889,0.099,6.9203,0.5489,0.7019,2.0248,4.6165,2.9787,0.216,0.18,0.8459,0.7289,0.198,0.009,0.009,0.009,0.018,0.0,0.0,0.0,1.0349,1.0079,0.027,0.045,0.135,111.1222
116,G. PiquÃ©,3.0,33.0,194.0,85.0,7.0,20.0,18268574,0.4565,0.1967,0.0866,0.0,0.0079,62.0776,0.181,6.3589,0.6139,0.5902,0.9601,5.2964,3.3683,0.3384,0.2833,0.4958,0.7634,0.2676,0.0079,0.0,0.0157,0.0315,0.0,0.0,0.0,1.0231,1.0152,0.0079,0.0787,0.0866,127.0667
117,G. Sigurdsson,2.0,31.0,186.0,79.0,6.4,22.5,232800,1.9891,0.75,0.2391,0.0,0.1522,22.8478,1.9565,7.6522,1.4783,0.1304,1.0326,8.9022,3.8152,1.4348,0.8478,0.8587,1.0,0.1087,0.0,0.0,0.0,0.0,0.0326,0.0326,0.0,1.1196,1.0217,0.0978,0.3696,0.1522,92.0
118,G. Wijnaldum,2.0,30.0,175.0,69.0,5.166666666666667,40.0,4309592,1.0683,0.3339,0.1169,0.0,0.0334,42.3333,0.7095,6.6855,0.9515,0.1252,0.6844,7.6788,3.9061,1.8446,1.2019,0.8931,0.5091,0.0584,0.0,0.0,0.0083,0.0,0.0,0.0,0.0,1.1685,1.0183,0.1502,0.3339,0.1753,119.8111
119,G. Xhaka,2.0,28.0,185.0,82.0,5.538461538461538,24.0,2041052,1.1375,0.325,0.0599,0.0,0.1112,64.1794,1.1461,7.3382,1.6507,0.2993,0.975,9.1086,4.6869,0.6928,0.5046,1.3257,1.702,0.3336,0.0,0.0,0.0,0.0257,0.0,0.0,0.0,1.0434,1.0178,0.0257,0.1454,0.0684,116.9222
120,H. Aouar,2.0,22.0,175.0,70.0,4.75,49.5,348189,1.8207,0.6587,0.2104,0.0,0.2196,43.4584,1.2717,6.0018,0.8509,0.1098,0.9149,8.8289,4.5654,3.9067,2.516,1.6377,0.86,0.0915,0.0,0.0,0.0183,0.0,0.0091,0.0,0.0,1.1711,1.0064,0.1647,0.3202,0.3019,109.3
121,H. Barnes,2.0,23.0,174.0,66.0,6.583333333333333,17.5,74268,3.0563,0.9719,0.2813,0.0,0.2558,20.243,1.5729,10.7161,0.4604,0.0767,0.3069,10.0384,4.5396,3.6445,1.9821,1.2404,0.8056,0.0256,0.0,0.0,0.0256,0.0,0.0,0.0,0.0,1.3555,1.0614,0.2941,0.6777,0.4476,78.2
122,H. BellerÃ­n,3.0,25.0,178.0,74.0,5.0,32.0,3075710,0.7571,0.1893,0.0541,0.0,0.1487,43.1546,0.7977,8.9365,1.2438,0.2163,0.9464,8.301,3.6233,1.6899,1.0005,0.2704,1.014,0.1758,0.0,0.0,0.0,0.0406,0.0,0.0,0.0,1.068,1.014,0.0541,0.0811,0.1487,73.9667
123,H. Kane,3.2941176470588234,25.235294117647058,182.7058823529412,79.29411764705883,5.9411764705882355,120.0,9645540,2.9346,1.263,0.5572,0.0,0.0805,11.3916,0.8296,6.4078,0.3343,0.0867,0.1672,8.327,3.5723,1.944,0.9968,1.1701,0.7863,0.1548,0.0,0.0,0.031,0.0,0.0743,0.0062,0.0,1.0773,1.0153,0.0619,0.2167,0.0929,161.5222
124,H. Lozano,4.0,25.0,175.0,70.0,4.833333333333333,28.0,1508469,3.1215,1.2632,0.5223,0.0,0.2186,16.8219,2.2348,7.0445,0.4615,0.0121,0.5709,10.2996,5.1134,3.3036,2.004,2.4777,1.0931,0.17,0.0,0.0243,0.085,0.0,0.0486,0.0,0.0,1.2146,1.0688,0.1457,0.5587,0.2794,82.3333
125,H. Maguire,3.0,27.0,194.0,100.0,6.5,56.0,1885986,0.8542,0.2654,0.0581,0.0,0.0498,44.5356,0.4313,6.2781,1.2274,0.5308,1.3352,8.2934,5.6312,0.9372,0.7879,0.6718,0.8128,0.1742,0.0,0.0083,0.0,0.0166,0.0166,0.0,0.0,1.0118,1.0118,0.0,0.0415,0.0415,120.5778
126,H. Mkhitaryan,2.0,31.0,177.0,75.0,6.0588235294117645,20.0,2784521,2.0578,0.7833,0.239,0.0,0.2655,35.2087,1.6861,16.3697,1.1816,0.1195,0.77,9.2005,4.0493,2.6287,1.2878,1.1285,1.1285,0.1328,0.0,0.0,0.0398,0.0266,0.0,0.0,0.0,1.3807,0.9957,0.385,0.4779,0.5045,75.3222
127,H. Wilson,2.0,23.0,173.0,70.0,6.111111111111111,17.5,407655,2.6997,1.014,0.4346,0.0,0.1054,22.8227,1.3565,7.77,0.7638,0.079,0.5795,9.4952,4.5303,1.6594,0.777,2.3705,0.7507,0.1844,0.0,0.0,0.0395,0.0132,0.0527,0.0132,0.0,1.2116,1.0667,0.1449,0.619,0.1975,75.9333
128,H. Winks,2.0,24.0,178.0,65.0,5.916666666666667,32.0,473494,0.4668,0.0934,0.0133,0.0,0.0133,61.845,0.6669,11.6568,1.3471,0.2667,1.1337,6.9087,3.5477,1.2137,0.9069,0.9603,0.8136,0.2267,0.0,0.0,0.0,0.0,0.0,0.0,0.0,1.3337,1.0403,0.2934,0.3868,0.5202,74.9778
129,H. Ziyech,2.0,27.0,181.0,65.0,5.545454545454546,40.0,3165227,4.6071,1.5299,0.3409,0.0,0.4458,40.4585,3.6542,5.2453,1.0753,0.035,0.848,10.8752,4.7033,5.2453,2.8062,1.3725,1.1277,0.1136,0.0,0.0,0.0262,0.0,0.0,0.0087,0.0,1.0665,1.0578,0.0087,0.3322,0.0525,114.3889
130,Heung-Min Son,4.0,28.0,183.0,78.0,7.25,64.0,4118424,3.3099,1.4425,0.5335,0.0,0.2766,27.8033,1.4425,10.2163,0.7608,0.0296,0.4051,10.0285,3.8435,3.8632,2.2033,0.9288,0.6719,0.0692,0.0,0.0296,0.0296,0.0,0.0198,0.0099,0.0,1.3141,1.0276,0.2865,0.5829,0.3261,101.2111
131,I. Bennacer,2.0,23.0,175.0,70.0,4.2,17.5,1703476,0.2712,0.0678,0.0226,0.0,0.0678,29.661,0.5989,2.8475,1.2203,0.1582,1.0169,4.7232,2.7345,1.7288,1.3672,0.904,0.904,0.2373,0.0,0.0,0.0,0.0339,0.0,0.0,0.0,1.1299,0.9831,0.1469,0.1582,0.1921,88.5
132,I. Diop,3.0,23.0,194.0,92.0,5.444444444444445,28.0,55282,0.477,0.2044,0.0779,0.0,0.0,29.7664,0.1265,5.6262,1.0902,0.6619,1.8981,6.9695,4.3413,0.3407,0.2433,0.5548,0.8371,0.2239,0.0,0.0,0.0,0.0195,0.0,0.0,0.0,1.0123,1.0026,0.0097,0.0097,0.0973,102.7333
133,I. Gueye,2.0,31.0,174.0,66.0,5.181818181818182,24.0,659000,0.61,0.1577,0.0421,0.0,0.0631,53.3501,0.6836,7.4772,3.6072,0.2629,1.9666,8.8023,5.0374,1.1989,0.7677,1.304,1.6721,0.1788,0.0105,0.0,0.0,0.0105,0.0,0.0,0.0,1.0937,1.0411,0.0526,0.1893,0.1262,95.0889
134,I. GÃ¼ndogan,2.0,30.0,180.0,80.0,7.166666666666667,40.0,2798933,1.9372,0.5098,0.1733,0.0,0.1937,76.7248,1.7945,11.134,0.9176,0.102,1.2031,7.1474,3.4564,1.5294,1.0706,0.8871,0.7443,0.1733,0.0,0.0,0.0,0.0102,0.0612,0.0102,0.0,1.3867,0.9686,0.418,0.2753,0.5098,98.0778
135,I. KonatÃ©,3.0,21.0,192.0,93.0,5.6,40.5,60767,0.3686,0.0768,0.0461,0.0,0.0154,31.4079,0.1843,9.7986,0.9061,0.4147,1.6894,8.2321,5.3601,0.7986,0.6297,0.9522,1.1519,0.215,0.0,0.0,0.0,0.0307,0.0,0.0,0.0,1.0904,1.0137,0.0768,0.0922,0.4761,65.1111
136,I. Perisic,2.0,31.0,186.0,80.0,7.166666666666667,17.5,1459347,3.0846,1.0028,0.2539,0.0,0.2031,27.7997,1.9929,5.6488,0.5966,0.0889,1.0282,9.7743,4.3794,1.6883,0.8759,0.457,0.9013,0.1396,0.0,0.0,0.0,0.0,0.0381,0.0,0.0,1.0663,1.0028,0.0635,0.1904,0.1269,78.7778
137,I. Rakitic,2.0,32.0,184.0,78.0,7.111111111111111,20.0,17552517,1.3103,0.4182,0.0836,0.0,0.1673,74.3604,0.8178,7.4156,0.5111,0.1673,1.5147,6.4677,3.652,0.8921,0.5947,1.524,0.9757,0.1673,0.0093,0.0,0.0,0.0,0.0,0.0,0.0,1.2638,0.9943,0.2695,0.2974,0.3345,107.6111
138,I. Sarr,4.0,22.0,185.0,76.0,2.9166666666666665,24.5,249665,1.8657,0.6784,0.2908,0.0,0.1696,15.422,1.1024,4.7611,0.4604,0.0363,0.4361,12.5751,5.9968,4.1432,2.108,2.5804,0.9328,0.1333,0.0,0.0,0.0969,0.0,0.0121,0.0,0.0,1.1872,1.0176,0.1696,0.4119,0.2059,82.5444
139,I. Williams,4.0,26.0,186.0,78.0,6.857142857142857,40.0,291718,2.0915,0.8569,0.3133,0.0,0.1106,15.2948,0.9674,4.6161,0.3225,0.0184,0.2948,9.2322,3.9896,3.105,1.6216,1.4097,1.0412,0.1014,0.0,0.0,0.0184,0.0092,0.0092,0.0092,0.0,1.1701,1.0043,0.1658,0.4146,0.1751,108.5333
140,I. Zubeldia,2.0,23.0,180.0,79.0,6.857142857142857,24.0,20695,0.6638,0.1106,0.0246,0.0,0.0615,43.1316,0.295,7.4488,0.971,0.3319,1.2538,6.8096,3.6752,0.9588,0.8358,0.6392,1.389,0.2581,0.0123,0.0,0.0,0.0123,0.0,0.0,0.0,1.2169,0.971,0.2458,0.1229,0.4425,81.3556
141,Isco,2.0,28.0,176.0,79.0,6.416666666666667,40.0,19487679,2.2998,0.9506,0.276,0.0,0.1687,62.0954,2.0085,14.8416,0.6133,0.0153,0.552,10.6865,5.4736,3.5877,2.5145,2.4532,0.9046,0.1073,0.0,0.0,0.0,0.0,0.0153,0.0,0.0,1.6252,1.0273,0.598,0.8126,0.8739,65.2222
142,J. Alba,3.0,31.0,170.0,68.0,6.4,40.0,12699789,0.3839,0.1429,0.0625,0.0,0.25,61.8482,1.3929,6.875,0.5357,0.1339,1.7232,5.1429,2.4911,0.8393,0.5625,0.6161,0.7411,0.2321,0.0,0.0,0.0089,0.0,0.0,0.0,0.0,1.0982,1.0,0.0982,0.0893,0.1786,112.0
143,J. Bamba,4.0,24.0,175.0,72.0,3.5,16.0,55040,2.0023,0.836,0.2374,0.0,0.1651,26.1227,1.5069,4.1904,0.4335,0.0516,0.7844,7.7924,3.0963,2.5183,1.3521,1.6823,0.7431,0.0619,0.0,0.0,0.0516,0.0,0.0619,0.0206,0.0,1.1869,1.0011,0.1858,0.289,0.2167,96.8889
144,J. Boga,2.0,23.0,172.0,68.0,3.5,16.0,1287,1.7737,0.5226,0.2059,0.0,0.095,21.9339,1.1086,7.0948,0.19,0.0,0.2534,8.3143,4.6877,6.794,4.5768,1.647,0.3959,0.0,0.0,0.0,0.0158,0.0158,0.0,0.0158,0.0,1.3778,0.9819,0.3959,0.4593,0.5384,63.1444
145,J. Bowen,4.0,24.0,0.0,0.0,5.375,16.0,44053,2.6846,1.0947,0.4778,0.0,0.0956,17.6803,1.225,3.6924,0.6169,0.0348,0.9557,10.139,4.5873,2.7368,1.4162,2.007,0.7906,0.0695,0.0,0.0,0.0174,0.0,0.0348,0.0174,0.0,1.0947,1.0078,0.0869,0.1825,0.1216,115.1
146,J. Brandt,4.0,24.0,186.0,84.0,6.555555555555555,40.0,767487,1.8175,0.8148,0.3029,0.0,0.3029,43.0467,2.413,6.6539,0.6476,0.0313,0.6267,7.5,3.2486,3.374,1.9011,0.679,0.5014,0.0209,0.0,0.0,0.0104,0.0,0.0,0.0,0.0,1.2744,1.0028,0.2716,0.4596,0.3029,95.7333
147,J. Corona_Por,3.0,27.0,173.0,62.0,4.9,20.0,524771,1.1153,0.311,0.1287,0.0,0.2359,28.7631,1.7159,5.995,0.8258,0.0643,1.5014,8.644,4.5257,4.204,2.3165,1.9519,1.3406,0.2252,0.0214,0.0107,0.0322,0.0,0.0,0.0,0.0,1.3084,1.051,0.2574,0.5577,0.3003,93.2444
148,J. Correa_Laz,2.0,26.0,189.0,75.0,7.0,30.5,626487,3.1334,1.4386,0.335,0.0,0.1577,29.5599,1.9115,9.7745,0.5124,0.0985,0.2365,8.1585,3.961,4.769,2.8969,1.8918,0.9656,0.1182,0.0,0.0197,0.0788,0.0,0.0,0.0197,0.0,1.3795,0.9262,0.4533,0.3153,0.5321,50.7444
149,J. Draxler,2.0,27.0,185.0,72.0,4.384615384615385,24.0,4083998,1.0091,0.4515,0.1328,0.0,0.2656,49.342,1.4872,9.3877,0.6772,0.0266,0.8365,6.4798,3.0673,2.2706,1.6067,0.4913,0.9428,0.239,0.0,0.0,0.0,0.0,0.0,0.0,0.0,1.5137,0.9693,0.5444,0.4647,0.7569,75.3111
150,J. FÃ©lix,4.0,21.0,181.0,70.0,5.5,81.0,3266789,2.8161,0.9644,0.4822,0.0,0.1929,19.3656,1.0994,9.2585,0.3665,0.0,0.27,5.8058,2.6039,1.9481,0.7908,2.1217,1.3888,0.2122,0.0,0.0,0.0772,0.0,0.0386,0.0,0.0,1.2923,1.0416,0.2508,0.6751,0.3665,51.8444
151,J. GayÃ ,3.0,25.0,172.0,66.0,6.888888888888889,40.0,236227,0.4604,0.1083,0.009,0.0,0.0542,31.3,0.8486,6.3738,1.2097,0.1625,1.2549,7.412,4.2612,1.8327,1.0382,1.4806,0.9389,0.2799,0.0,0.0,0.0451,0.009,0.009,0.0,0.0,1.0292,1.0021,0.0271,0.0451,0.1354,110.7667
152,J. Gbamin,2.0,25.0,186.0,83.0,3.888888888888889,22.5,44473,1.0236,0.2992,0.0472,0.0,0.063,33.4803,0.5512,5.874,0.7717,0.2205,1.4803,12.1732,6.3465,2.126,1.1024,1.0394,1.3701,0.1102,0.0,0.0,0.0,0.0315,0.0,0.0,0.0,1.0394,0.9921,0.0472,0.0787,0.063,63.5
153,J. GimÃ©nez,3.0,24.57894736842105,183.73684210526315,78.3157894736842,6.631578947368421,56.0,1272448,0.5917,0.1306,0.0384,0.0,0.0384,34.3801,0.2536,10.3663,0.8453,0.2843,1.6752,8.9447,5.9554,0.6916,0.5225,1.2756,0.9682,0.2382,0.0077,0.0,0.0077,0.0154,0.0,0.0,0.0,1.1373,1.0067,0.1306,0.1076,0.3765,130.1333
154,J. Gomez,3.0,23.0,188.0,77.0,5.846153846153846,33.5,1574719,0.2283,0.0269,0.0,0.0,0.0269,57.1177,0.4699,12.017,1.4635,0.282,1.5978,7.331,4.3637,0.819,0.7116,0.6848,0.9265,0.1611,0.0134,0.0,0.0,0.0,0.0,0.0,0.0,1.2218,0.9667,0.2551,0.0403,0.6042,74.4778
155,J. Grealish,2.0,25.0,175.0,68.0,5.0,30.5,739524,2.2097,0.679,0.2072,0.0,0.2417,40.7302,2.4629,4.9488,0.7481,0.1957,0.5409,14.2481,8.7123,3.6829,2.4284,4.6957,1.0128,0.2072,0.0,0.0,0.023,0.0,0.0115,0.0115,0.0,1.1164,0.9783,0.1381,0.1726,0.1611,86.8889
156,J. Henderson,2.0,29.142857142857142,169.0,62.214285714285715,4.928571428571429,28.0,3644529,0.6514,0.1323,0.0509,0.0,0.112,60.9838,1.0381,8.3761,1.8625,0.1221,1.3231,7.2668,3.8064,0.7328,0.346,0.4478,1.1195,0.1323,0.0102,0.0,0.0,0.0102,0.0,0.0,0.0,1.2213,0.9872,0.2341,0.2646,0.3969,98.2556
157,J. IkonÃ©,2.0,22.0,175.0,67.0,3.5,36.0,150264,1.4382,0.5183,0.1166,0.0,0.2203,19.928,1.4771,4.7293,0.3887,0.0518,0.2203,6.5045,2.5785,4.0685,2.4359,0.8163,0.8681,0.1296,0.0,0.0,0.0,0.0,0.013,0.0,0.0,1.2957,1.1014,0.1944,0.7904,0.311,77.1778
158,J. Kimmich,3.0,25.0,176.0,73.0,6.7,64.0,2775568,0.6323,0.259,0.099,0.0,0.3123,63.39,2.3159,6.0792,0.7694,0.1447,0.9904,5.7745,3.1615,1.4017,0.739,1.4931,0.7161,0.16,0.0,0.0,0.0152,0.0076,0.0,0.0,0.0,1.0437,0.998,0.0457,0.0686,0.0838,131.2667
159,J. Kluivert,4.0,21.0,171.0,66.0,5.181818181818182,22.5,810572,2.2758,0.8796,0.2792,0.0,0.1955,22.6885,1.7592,8.9497,0.8936,0.0558,0.4608,8.6984,4.0071,4.3422,2.2898,1.7034,1.6056,0.1815,0.014,0.0,0.014,0.0,0.0,0.0,0.0,1.3683,1.0332,0.3351,0.5585,0.5585,71.6222
160,J. KoundÃ©,3.0,22.0,178.0,70.0,4.666666666666667,22.5,1673,0.4994,0.1411,0.0651,0.0,0.0217,39.3655,0.2388,5.4065,0.608,0.38,0.9228,5.3848,3.0398,0.4125,0.3257,0.3691,0.5537,0.1194,0.0109,0.0,0.0,0.0434,0.0,0.0,0.0,1.0422,0.9879,0.0543,0.0217,0.2063,92.1111
161,J. Lerma,2.0,26.0,179.0,70.0,4.0,20.0,50213,1.0337,0.1439,0.0393,0.0,0.0393,39.8314,0.5757,4.1873,1.2169,0.3926,1.9366,12.4833,6.8828,1.0337,0.7982,1.7534,1.7403,0.5103,0.0131,0.0,0.0131,0.0,0.0,0.0,0.0,1.0992,1.0337,0.0654,0.1832,0.1309,76.4222
162,J. Lingard,2.0,28.0,175.0,62.0,6.428571428571429,17.5,6670002,2.1441,0.7892,0.2762,0.0,0.1447,38.1073,1.3943,14.8772,1.2891,0.0789,0.342,8.8395,3.5911,1.9863,0.9339,1.4075,1.7363,0.2236,0.0,0.0,0.0263,0.0,0.0132,0.0,0.0,1.6179,0.9997,0.6182,0.7629,0.7629,76.0222
163,J. Maddison,2.0,24.0,175.0,73.0,5.8,48.0,788064,2.6882,0.7629,0.2815,0.0,0.1635,40.4773,2.888,6.1029,1.0898,0.0363,0.4268,11.4521,6.4208,2.9152,1.9617,3.0333,0.9808,0.1453,0.0091,0.0,0.0363,0.0,0.0545,0.0182,0.0,1.108,1.0353,0.0727,0.3905,0.1362,110.1111
164,J. Mateta,4.0,23.0,190.0,84.0,4.0,17.5,217,3.2382,1.269,0.5251,0.0,0.0292,10.9838,0.8752,3.4862,0.1896,0.0438,0.1459,14.8347,6.5786,2.4506,1.1669,1.2982,1.2836,0.0729,0.0146,0.0146,0.0292,0.0,0.0292,0.0,0.0,1.269,1.0211,0.248,0.5835,0.2917,68.5556
165,J. Matip,3.0,29.0,195.0,90.0,5.833333333333333,32.0,111143,0.4589,0.0888,0.0444,0.0,0.0148,63.5181,0.2368,12.227,1.5395,0.4441,1.7319,8.2747,5.5658,0.2812,0.2072,0.6217,0.8289,0.1332,0.0,0.0,0.0,0.0,0.0,0.0,0.0,1.1398,0.9918,0.148,0.0148,0.4885,67.5556
166,J. Oblak,1.0,27.0,188.0,87.0,5.090909090909091,80.0,1301930,0.0,0.0,0.0,0.6902,0.0,10.5291,0.0153,3.1365,0.0,0.0,0.0307,0.2531,0.2147,0.0383,0.0383,0.1304,0.023,0.0307,0.0,0.0,0.0,0.0,0.0,0.0,0.023,0.9969,0.9969,0.0,0.0077,0.0307,130.4
167,J. Pickford,1.0,26.0,185.0,77.0,6.0,28.0,606545,0.0079,0.0,0.0,1.3737,0.0,14.85,0.0395,3.8526,0.0,0.0,0.0474,0.4579,0.3947,0.0,0.0,0.1105,0.0237,0.0237,0.0,0.0,0.0,0.0,0.0,0.0,0.0316,0.9947,0.9947,0.0,0.0,0.0237,126.6667
168,J. RodrÃ­guez,2.5681818181818183,25.613636363636363,179.04545454545453,71.13636363636364,3.659090909090909,32.0,45619171,1.4375,0.4354,0.2113,0.0288,0.1185,27.1527,1.1462,5.8141,0.8804,0.1281,0.7108,4.4822,2.2667,1.4471,0.8068,0.9957,0.9381,0.1569,0.0032,0.0096,0.016,0.0,0.016,0.0,0.0,1.3511,1.0053,0.3458,0.4162,0.7716,312.3444
169,J. Sancho,2.0,20.0,180.0,76.0,4.166666666666667,117.0,4253514,1.6937,0.8729,0.4299,0.0,0.482,42.9024,2.3712,7.5955,0.4169,0.013,0.482,6.7487,3.2571,5.7976,3.231,1.0292,0.1954,0.0651,0.0,0.0,0.0391,0.0,0.0,0.0,0.0,1.3159,0.9771,0.3387,0.4039,0.4169,76.7556
170,J. Stones,3.0,26.0,188.0,70.0,7.083333333333333,36.0,772639,0.5356,0.1737,0.0434,0.0,0.029,81.705,0.2461,15.6345,0.7962,0.304,1.0713,6.1091,4.1547,0.4198,0.3764,0.2461,0.333,0.0145,0.0,0.0,0.0,0.0145,0.0,0.0,0.0,1.245,1.0134,0.2316,0.1592,0.6225,69.0778
171,J. Tah,3.0,24.0,195.0,97.0,6.3,29.5,178394,0.3371,0.0892,0.0297,0.0,0.0397,62.3397,0.2776,7.9015,0.7832,0.4362,1.2194,5.2545,3.4303,0.6048,0.456,0.4858,0.6742,0.0991,0.0,0.0099,0.0,0.0397,0.0,0.0,0.0,1.0311,0.9914,0.0397,0.0397,0.1884,100.8667
172,J. Tarkowski,3.0,28.0,185.0,81.0,2.7,20.0,23274,0.537,0.1726,0.0384,0.0,0.0192,22.2866,0.211,2.6084,1.6015,1.3234,1.3617,10.5008,7.0293,0.3261,0.2877,0.796,0.9398,0.211,0.0,0.0,0.0,0.0192,0.0,0.0,0.0,1.0165,0.9973,0.0192,0.0096,0.0479,104.2778
173,J. Vardy,4.0,33.0,179.0,74.0,6.125,16.0,1198681,2.2909,1.1957,0.6029,0.0,0.1105,8.7317,0.9244,4.6924,0.422,0.0603,0.1005,8.6312,3.4465,1.3062,0.5426,0.5526,0.6933,0.0904,0.0,0.01,0.0603,0.0,0.1507,0.0201,0.0,1.0852,0.9948,0.0904,0.2713,0.1306,99.5222
174,J. Veretout,2.0,27.0,177.0,67.0,7.142857142857143,20.0,109424,1.3212,0.4208,0.1762,0.0,0.0587,46.2919,1.7421,5.7645,0.8612,0.1468,1.1353,6.8606,3.3177,1.2234,0.8906,0.9102,1.2625,0.3034,0.0,0.0196,0.0,0.0098,0.1174,0.0196,0.0,1.0668,1.008,0.0587,0.1272,0.0783,102.1778
175,J. Weigl,2.0,25.0,186.0,72.0,5.533333333333333,18.5,641544,0.3303,0.1016,0.0381,0.0,0.0,60.7538,0.2922,13.6321,1.118,0.1906,1.1942,6.6573,3.9257,0.6479,0.5336,1.3213,1.3975,0.2795,0.0127,0.0,0.0,0.0254,0.0127,0.0,0.0,1.1434,0.991,0.1525,0.2033,0.4574,78.7111
176,Joelinton,4.0,24.0,186.0,81.0,5.375,20.0,106490,2.3469,0.832,0.2732,0.0,0.149,20.8237,1.3411,5.5505,0.7202,0.1118,0.5339,18.6134,7.9222,3.4892,1.8998,1.5397,1.8502,0.2359,0.0,0.0124,0.0248,0.0,0.0,0.0124,0.0,1.2417,1.043,0.1987,0.447,0.1987,80.5333
177,Jorginho,2.25,29.0,180.0,65.75,6.625,52.0,1264695,0.6414,0.2188,0.1283,0.0,0.0528,72.1238,1.1017,9.538,1.4715,0.166,1.8412,8.6401,4.1578,0.8829,0.5433,0.898,1.0715,0.2339,0.0,0.0075,0.0,0.0151,0.0906,0.0151,0.0,1.1394,1.0489,0.0906,0.332,0.2264,132.5222
178,K. Benzema,4.0,33.0,185.0,81.0,7.090909090909091,32.0,34233539,3.2178,1.3842,0.5393,0.0,0.2607,30.776,1.7168,8.1614,0.3056,0.018,0.2517,6.2019,2.5527,2.1212,1.3213,0.5033,0.6292,0.009,0.0,0.0,0.018,0.0,0.0629,0.0,0.0,1.1685,1.0606,0.1079,0.4674,0.1348,111.2556
179,K. Coman,2.0,24.0,179.0,75.0,7.111111111111111,40.0,1100456,2.248,1.1561,0.3533,0.0,0.2248,34.9884,1.8787,12.091,0.4657,0.0,0.3051,10.3568,5.4915,6.198,3.7734,1.959,0.6905,0.0963,0.0,0.0,0.0482,0.0161,0.0,0.0,0.0,1.4291,0.9795,0.4496,0.5941,0.4978,62.2778
180,K. De Bruyne,2.0,29.0,181.0,68.0,7.083333333333333,120.0,11099793,2.7406,0.9854,0.2771,0.0,0.503,57.2662,3.4694,9.1766,1.4473,0.0924,0.7801,9.8335,4.732,2.7201,1.8579,1.088,0.9135,0.1129,0.0,0.0,0.0103,0.0,0.0205,0.0,0.0,1.2112,1.047,0.1642,0.4824,0.2361,97.4222
181,K. Demirbay,2.0,27.0,182.0,72.0,7.090909090909091,19.0,0,2.1998,0.5432,0.1086,0.0,0.3259,45.9234,2.6614,12.2888,1.3171,0.2444,0.9505,10.1569,4.8612,3.0009,2.0097,1.3443,1.9553,0.2987,0.0136,0.0,0.0,0.0,0.0136,0.0,0.0,1.2357,1.0456,0.1901,0.3938,0.3123,73.6444
182,K. Diatta,4.0,21.0,173.0,68.0,2.0,16.0,197203,0.1077,0.0179,0.1974,0.0,0.0,2.5309,0.1795,6.2106,0.1795,0.0179,0.1256,0.3051,0.1795,0.5744,0.3769,0.0538,0.1974,0.1615,0.0179,0.0,0.0,0.0,0.0,0.0,0.0,1.2385,1.0052,0.2333,0.3949,0.3051,55.7111
183,K. Dolberg,4.0,23.0,187.0,83.0,3.7857142857142856,81.0,390778,2.3458,1.1729,0.4751,0.0,0.0742,10.3332,0.7423,9.0416,0.2524,0.0297,0.3266,5.2111,2.4497,1.3956,0.6829,1.4847,1.1432,0.0742,0.0,0.0,0.0594,0.0,0.0297,0.0148,0.0,1.4698,0.9799,0.4899,0.5048,0.6384,67.3556
184,K. Havertz,2.0,21.0,188.0,83.0,6.4,17.5,767485,2.1459,0.9266,0.3804,0.0,0.2048,42.3128,1.5411,7.3643,0.5365,0.0488,0.4487,9.2858,4.3308,3.0237,1.4533,1.5411,0.9364,0.0878,0.0,0.0,0.0098,0.0,0.0488,0.0,0.0,1.1217,1.0144,0.1073,0.2243,0.1756,102.5222
185,K. Kampl,2.0,30.0,178.0,67.0,5.923076923076923,56.0,170960,0.7227,0.2677,0.0669,0.0,0.1338,33.7918,1.2178,12.7138,0.5888,0.0268,1.0037,4.6171,2.061,0.977,0.7093,0.2543,0.7896,0.1338,0.0,0.0,0.0,0.0,0.0,0.0,0.0,1.1777,0.977,0.2007,0.3346,0.3078,74.7222
186,K. Koulibaly,3.0,29.0,195.0,89.0,6.454545454545454,24.0,1443167,0.5475,0.1795,0.0628,0.0,0.0269,67.6324,0.2872,7.6653,0.9963,0.6732,1.3105,6.4805,3.5903,0.5475,0.377,0.4308,1.2746,0.2693,0.009,0.018,0.0,0.009,0.0,0.0,0.0,1.0232,1.0143,0.009,0.018,0.0449,111.4111
187,K. Laimer,2.0,23.0,180.0,72.0,6.363636363636363,32.0,32064,0.6379,0.2287,0.0722,0.0,0.1324,33.2535,0.8545,8.8459,2.2386,0.1685,1.3239,9.8689,4.5975,2.058,1.2276,0.7101,2.0941,0.2527,0.012,0.0,0.012,0.0,0.0,0.0,0.0,1.3239,1.023,0.3009,0.3851,0.5296,83.0889
188,K. Manolas,3.0,29.0,189.0,83.0,5.5,21.5,602431,0.5644,0.1683,0.099,0.0,0.0099,42.0541,0.1188,6.9017,0.5248,0.5842,1.4358,4.9015,3.0894,0.1386,0.1188,0.5743,0.8615,0.1287,0.0,0.0,0.0,0.0297,0.0,0.0,0.0,1.0595,1.0298,0.0297,0.1287,0.1683,100.9889
189,K. MbappÃ©,4.0,22.0,178.0,73.0,4.875,180.0,40807990,3.0286,1.662,0.831,0.0,0.2862,18.5411,1.3943,7.2207,0.1385,0.0,0.1662,4.2844,2.1237,3.5365,2.0314,0.9141,0.434,0.1108,0.0,0.0277,0.0462,0.0,0.0092,0.0,0.0,1.145,0.988,0.157,0.2308,0.2216,108.3
190,K. Tierney,3.0,23.0,178.0,70.0,3.0625,28.0,587798,0.1068,0.0427,0.0534,0.0,0.0534,11.9551,0.406,5.7265,0.3098,0.0321,0.4808,1.6774,0.9615,0.5128,0.3846,0.2244,0.235,0.0855,0.0,0.0,0.0,0.0107,0.0,0.0,0.0,1.0791,1.0256,0.0534,0.1389,0.1175,93.6
191,K. Trippier,3.0,30.0,178.0,71.0,6.0,28.0,691216,0.2843,0.0547,0.0109,0.0,0.1968,42.6327,2.1541,8.4741,1.8588,0.2078,0.9513,6.4403,3.7833,0.831,0.5248,0.7982,0.8201,0.0656,0.0,0.0,0.0109,0.0,0.0,0.0219,0.0,1.0825,1.006,0.0765,0.1203,0.3718,91.4556
192,K. Volland,4.0,28.0,178.0,85.0,7.222222222222222,40.0,176399,2.4423,1.1303,0.4037,0.0,0.2422,19.3463,1.3725,6.7011,0.4844,0.0404,0.1917,8.0332,3.2496,1.9175,1.0092,1.534,1.4734,0.1413,0.0,0.0,0.0404,0.0101,0.0,0.0,0.0,1.0899,1.0092,0.0807,0.2422,0.1312,99.0889
193,K. Walker_City,3.0,30.0,178.0,70.0,6.333333333333333,28.0,1786433,0.5592,0.0946,0.0258,0.0,0.1032,65.4225,0.7226,7.9488,1.0151,0.1032,1.0495,7.1057,4.1034,1.2388,0.8258,0.542,0.6882,0.1376,0.0086,0.0,0.0,0.0258,0.0,0.0,0.0,1.1011,0.9979,0.1032,0.1032,0.3097,116.2444
194,K. Zouma,3.0,26.0,190.0,96.0,6.416666666666667,32.0,1500587,0.6504,0.1829,0.0407,0.0,0.0305,43.3333,0.1626,9.3089,1.128,0.5386,1.8598,7.8557,5.2642,0.5691,0.4675,0.5996,0.8435,0.1321,0.0102,0.0,0.0102,0.0102,0.0102,0.0,0.0,1.0772,0.9858,0.0915,0.0407,0.1728,98.4
195,Kepa,1.0,26.0,189.0,84.0,5.538461538461538,24.0,1315497,0.0,0.0,0.0,1.1597,0.0,22.2017,0.0084,6.3193,0.0252,0.0,0.0252,0.4202,0.3529,0.0084,0.0084,0.1513,0.0168,0.0756,0.0,0.0,0.0,0.0,0.0,0.0,0.0672,0.9916,0.9916,0.0,0.0,0.2353,119.0
196,Koke_ATM,2.0,28.0,176.0,77.0,6.363636363636363,48.0,2099960,0.813,0.3358,0.1237,0.0,0.1414,55.3574,1.9089,7.3881,1.1312,0.0972,0.9986,7.6885,3.5791,0.6893,0.4861,1.3344,0.8307,0.1679,0.0088,0.0,0.0177,0.0,0.0,0.0,0.0,1.0782,1.0428,0.0353,0.2298,0.0353,113.1556
197,L. Alberto,2.0,28.0,182.0,70.0,6.444444444444445,44.0,274929,2.7609,0.8304,0.2373,0.0,0.399,46.979,3.0737,6.7298,0.7873,0.0539,0.5716,7.6789,3.462,2.7609,1.8119,1.0893,0.8197,0.1726,0.0,0.0108,0.0108,0.0,0.0216,0.0108,0.0,1.2079,1.0785,0.1294,0.4961,0.2049,92.7222
198,L. Bailey,4.0,23.0,178.0,79.0,6.888888888888889,29.5,516622,2.7273,1.0501,0.35,0.0,0.1604,26.3247,2.2168,9.3777,0.4084,0.0,0.6709,9.3923,4.3024,4.1565,2.246,1.3709,1.0792,0.1167,0.0,0.0292,0.0,0.0,0.0,0.0,0.0,1.4438,0.9626,0.4813,0.5396,0.5834,68.5667
199,L. Bonucci,3.0,33.0,190.0,85.0,6.4,20.0,4299209,0.5557,0.1772,0.0725,0.0,0.0242,52.5054,0.3543,6.2008,0.3302,0.4429,1.1516,3.7366,2.0374,0.153,0.1127,0.604,0.5637,0.1208,0.0,0.0081,0.0081,0.0081,0.0081,0.0,0.0,1.0227,0.9986,0.0242,0.0322,0.1047,124.1778
200,L. Cook,2.0,23.0,175.0,71.0,5.0,16.0,40819,0.6725,0.0791,0.0,0.0,0.0396,37.2066,0.8308,8.9011,1.9978,0.3758,1.1868,10.5626,4.7868,2.3143,1.5429,0.7516,1.2462,0.1978,0.0,0.0,0.0,0.0,0.0,0.0,0.0,1.3648,0.989,0.3758,0.2571,0.633,50.5556
201,L. Dendoncker,2.0,25.0,178.0,67.0,4.5,22.5,1035,0.4636,0.2318,0.0676,0.0,0.0,24.0792,0.2125,6.5486,1.2653,0.2028,0.9176,6.2589,3.3419,0.454,0.3767,0.2704,0.5988,0.1449,0.0,0.0193,0.0,0.0193,0.0,0.0,0.0,1.1204,1.0142,0.1062,0.0966,0.2222,103.5333
202,L. Digne,3.0,27.0,178.0,74.0,6.3,28.0,1964483,0.8289,0.2135,0.0754,0.0,0.1633,36.2713,1.9593,9.0678,1.7332,0.1884,1.5825,9.746,5.7019,1.0299,0.5777,0.8038,1.168,0.1633,0.0,0.0126,0.0,0.0126,0.0,0.0,0.0,1.0927,1.0173,0.0754,0.113,0.4521,79.6222
203,L. Goretzka,2.0,25.0,189.0,76.0,6.333333333333333,16.0,1054771,2.4448,0.889,0.2778,0.0,0.1945,38.4226,0.9029,9.2375,0.9724,0.1111,1.3891,9.432,4.8341,1.2224,0.6668,1.528,1.4447,0.125,0.0,0.0,0.0556,0.0139,0.0139,0.0,0.0,1.3752,0.9724,0.4028,0.2917,0.4584,71.9889
204,L. HernÃ¡ndez,2.4,22.8,176.0,69.4,1.4,40.0,1473474,0.0136,0.0,0.0543,0.0,0.0,9.6065,0.0136,3.6228,0.1221,0.0136,0.1764,0.0543,0.0543,0.1357,0.1085,0.2442,0.1357,0.2714,0.0271,0.0136,0.0,0.0136,0.0,0.0,0.0,1.1669,0.9905,0.1764,0.1085,0.4478,73.7
205,L. Insigne,4.0,29.0,163.0,59.0,6.666666666666667,56.0,1333439,4.5303,1.6551,0.3499,0.0,0.2364,48.9817,2.459,8.5593,0.2175,0.0,0.5864,5.1734,2.3266,3.0832,1.7497,0.8323,0.3026,0.1419,0.0,0.0095,0.0,0.0,0.0757,0.0095,0.0,1.1633,1.0498,0.1135,0.4067,0.1608,105.7333
206,L. Klostermann,3.0,24.0,189.0,83.0,6.8,32.0,52955,0.4782,0.1626,0.0956,0.0,0.0478,33.5611,0.6599,7.6419,0.9277,0.2391,1.119,5.3369,3.1562,0.6504,0.3921,0.4687,0.526,0.0287,0.0,0.0,0.0,0.0096,0.0,0.0,0.0,1.119,0.9947,0.1243,0.0861,0.2582,104.5556
207,L. MartÃ­nez_inter,4.0,23.0,179.0,72.0,7.0,64.0,163301,4.2249,1.6839,0.5713,0.0,0.1052,10.3592,1.0374,8.2994,0.4511,0.0601,0.3759,8.9759,4.0294,2.8567,1.3682,2.8567,2.1049,0.3007,0.0,0.015,0.0902,0.0,0.0451,0.0451,0.0,1.3081,0.9923,0.3157,0.3458,0.4661,66.5111
208,L. Messi,4.0,33.0,170.0,72.0,8.222222222222221,112.0,154554857,5.4892,2.707,0.9859,0.0,0.4345,47.8992,2.7404,6.0908,0.2841,0.0,0.2089,11.3461,6.1075,7.6365,5.0882,2.2224,0.5681,0.1253,0.0,0.0,0.0084,0.0,0.0752,0.0334,0.0,1.0945,0.9692,0.1253,0.0251,0.1253,119.6889
209,L. Milivojevic,2.0,29.0,186.0,80.0,5.222222222222222,20.0,120595,1.3108,0.5081,0.2439,0.0,0.0508,41.1844,1.1991,5.853,2.3371,0.3252,1.9612,10.3647,5.1823,0.7316,0.5182,0.9857,1.8291,0.2947,0.0,0.0102,0.0,0.0102,0.1931,0.0203,0.0,1.0466,1.006,0.0406,0.0406,0.0813,98.4111
210,L. MorÃ³n,4.0,27.0,188.0,66.0,7.0,16.0,83982,2.532,1.0522,0.4275,0.0,0.0986,10.4403,0.707,7.4151,0.5097,0.148,0.2795,8.9934,3.5513,1.7757,0.7892,2.1703,1.4304,0.148,0.0,0.0164,0.0329,0.0,0.0,0.0,0.0,1.4633,0.97,0.4932,0.5261,0.6083,60.8222
211,L. Moura,2.0,28.0,172.0,72.0,5.133333333333334,32.0,4417592,2.3062,0.8738,0.3438,0.0,0.1289,23.9503,1.2892,14.1382,1.3608,0.043,0.8308,14.9833,7.3914,4.6268,2.736,2.12,1.1316,0.0859,0.0,0.0,0.0,0.0,0.0,0.0143,0.0,1.5041,1.017,0.487,0.5587,0.8595,69.8111
212,L. Ocampos,2.0,26.0,187.0,84.0,4.666666666666667,32.0,362745,2.57,0.9952,0.3188,0.0,0.1353,20.8213,0.8696,5.6329,1.0918,0.0773,0.9952,14.5024,7.1304,4.4541,2.3865,2.2126,1.6329,0.2995,0.0193,0.0097,0.0193,0.0097,0.0097,0.0,0.0,1.1787,1.0242,0.1546,0.2995,0.2029,103.5
213,L. Paredes,2.0,26.0,180.0,75.0,5.769230769230769,20.0,1628214,1.6896,0.4969,0.1325,0.0,0.1436,60.8245,1.6233,9.8834,1.0601,0.2429,1.1264,6.2945,3.5006,0.8834,0.6184,1.3693,1.2589,0.3534,0.0221,0.0,0.0,0.0,0.0221,0.0,0.0,1.2147,0.9607,0.254,0.1877,0.4086,90.5556
214,L. Pellegrini_ASR,2.0,24.0,186.0,77.0,7.222222222222222,32.0,378548,2.2645,0.7784,0.1274,0.0,0.2972,35.8358,2.8306,10.077,0.8633,0.0566,1.1889,8.4636,3.9063,1.9531,1.1889,1.4578,1.5852,0.2265,0.0142,0.0142,0.0,0.0,0.0142,0.0,0.0,1.3304,1.0473,0.2831,0.5944,0.5095,70.6556
215,L. SanÃ©,3.75,26.25,185.25,75.5,4.5,80.0,5114615,2.2193,0.7847,0.3924,0.0,0.4414,34.4428,1.9741,11.109,0.7602,0.0613,0.6376,11.5381,5.4932,4.5123,2.6362,0.9319,0.748,0.0858,0.0,0.0,0.0245,0.0123,0.0123,0.0123,0.0,1.3733,1.0054,0.3678,0.3924,0.6744,81.5556
216,L. Shaw,3.0,25.0,185.0,75.0,6.076923076923077,17.5,2862273,0.7465,0.2881,0.0262,0.0,0.0917,47.0692,1.0084,12.0882,1.5847,0.3012,1.0608,8.0806,4.5838,1.4144,0.9953,0.6679,1.1918,0.3143,0.0,0.0,0.0,0.0,0.0,0.0,0.0,1.1263,1.0084,0.1179,0.131,0.3012,76.3556
217,L. SuÃ¡rez,3.2,27.0,176.72,72.72,5.56,28.0,37921733,2.7517,1.1958,0.5023,0.0,0.1778,16.3188,1.1024,6.6146,0.3823,0.0489,0.2356,6.4991,2.645,2.2093,1.1158,1.3603,1.2625,0.2578,0.0044,0.0,0.0489,0.0,0.0445,0.0178,0.0,1.2402,1.0091,0.2312,0.3601,0.3156,224.9556
218,L. Torreira,2.0,24.0,168.0,64.0,7.0,36.0,1267083,1.0352,0.2775,0.0961,0.0,0.0534,50.8858,0.9072,9.317,1.302,0.2348,1.793,10.3522,5.9872,1.0672,0.7684,2.444,1.2914,0.1814,0.0,0.0107,0.0107,0.0107,0.0,0.0,0.0,1.2914,0.9605,0.3308,0.2348,0.4162,93.7
219,L. Tousart,2.0,23.0,185.0,83.0,5.428571428571429,16.0,116295,1.2097,0.3694,0.0369,0.0,0.0554,45.1755,0.5356,7.9787,1.9577,0.3879,1.8007,7.3415,3.9986,1.0066,0.7295,0.8034,2.0316,0.1847,0.0185,0.0,0.0,0.0277,0.0,0.0,0.0,1.2097,1.025,0.1847,0.2124,0.2678,108.2889
220,L. VÃ¡zquez,2.0,29.0,173.0,70.0,7.181818181818182,16.0,789641,1.575,0.735,0.24,0.0,0.225,42.15,2.19,14.535,1.2,0.015,0.615,13.065,6.285,3.255,1.92,2.295,2.175,0.195,0.015,0.0,0.09,0.0,0.015,0.0,0.0,1.68,0.915,0.765,0.255,1.035,66.6667
221,Luiz Felipe,3.0,23.0,187.0,80.0,7.0,32.0,79400,0.3878,0.0776,0.031,0.0,0.0465,43.3867,0.1861,11.9597,1.1479,0.7911,2.001,6.2203,3.7229,0.5895,0.4498,0.667,1.0858,0.3568,0.0,0.0,0.0,0.0465,0.0,0.0155,0.0,1.2099,1.0238,0.1861,0.2017,0.8687,64.4667
222,M Skriniar,3.0,25.0,187.0,80.0,6.3,48.0,706256,0.4423,0.1616,0.034,0.0,0.0085,59.0869,0.2467,6.9329,0.9442,0.4849,0.9527,6.448,3.7174,0.3913,0.3062,0.706,1.259,0.1701,0.0,0.0,0.0085,0.0085,0.0,0.0085,0.0,1.0038,1.0038,0.0,0.0255,0.0425,117.5556
223,M. Aarons,3.0,20.0,178.0,69.0,4.666666666666667,20.0,66558,0.5338,0.1686,0.0421,0.0,0.0983,32.196,0.7726,4.0315,1.0957,0.5057,0.9693,8.5688,4.5091,2.4302,1.2923,1.3766,0.7305,0.2107,0.0,0.0,0.0281,0.0,0.0,0.0,0.0,1.0254,0.9973,0.0281,0.014,0.0983,71.1889
224,M. Akanji,3.0,25.0,187.0,91.0,5.181818181818182,20.0,231334,0.2481,0.0668,0.0286,0.0,0.0191,50.9173,0.1622,6.6808,0.8017,0.2672,0.9544,3.5122,2.1283,0.315,0.2291,0.5822,0.4486,0.0954,0.0,0.0,0.0,0.0,0.0,0.0,0.0,1.0498,0.9926,0.0573,0.0286,0.1432,104.7778
225,M. Alonso,3.0,30.0,188.0,84.0,6.615384615384615,20.0,1526522,1.8004,0.5361,0.1618,0.0,0.1113,43.3007,1.062,9.8415,1.6891,0.0809,1.3857,9.5887,5.2293,1.0924,0.5866,1.0216,1.0216,0.1719,0.0,0.0101,0.0303,0.0202,0.0,0.0,0.0,1.0418,1.0216,0.0202,0.1214,0.2023,98.8667
226,M. Arambarri,2.0,25.0,175.0,74.0,5.222222222222222,20.0,16759,0.9844,0.206,0.0343,0.0,0.0458,16.9172,0.4006,4.6471,1.053,0.1602,1.2362,8.264,4.0977,1.3506,0.8928,1.7856,2.1061,0.3434,0.0229,0.0,0.0114,0.0114,0.0,0.0,0.0,1.1103,1.0416,0.0687,0.2862,0.1374,87.3667
227,M. Asensio,4.0,24.0,182.0,76.0,5.0,32.0,12261348,2.7529,1.1647,0.2647,0.0,0.2118,46.7117,2.2412,12.1765,0.3,0.0353,0.6,7.9588,4.1294,2.7176,1.8529,1.2529,0.6706,0.1059,0.0,0.0,0.0529,0.0,0.0176,0.0,0.0,1.6412,0.9,0.7412,0.4059,0.8471,56.6667
228,M. Bartra,3.0,29.0,184.0,70.0,7.0,17.5,6684354,0.6861,0.1656,0.0473,0.0,0.0118,55.7887,0.2484,6.0095,1.5733,0.5323,1.7508,7.8076,4.8856,0.7808,0.5797,1.1593,1.0174,0.2011,0.0,0.0,0.0,0.0237,0.0,0.0,0.0,1.041,1.0055,0.0355,0.0828,0.1301,84.5333
229,M. Brozovic,2.0,28.0,181.0,68.0,7.1,48.0,872415,1.3763,0.3901,0.0975,0.0,0.1734,67.9145,1.994,9.2655,1.9181,0.2384,1.3113,8.0193,3.7495,1.2462,0.932,0.7369,1.593,0.3359,0.0108,0.0,0.0,0.0108,0.0217,0.0108,0.0,1.1595,0.997,0.1626,0.2276,0.2059,92.2778
230,M. DembÃ©lÃ©_Lyn,4.0,24.0,183.0,73.0,5.375,40.0,283230,2.6785,1.1563,0.6147,0.0,0.1317,11.3579,1.0685,5.8692,0.2635,0.1025,0.1317,3.9226,1.6539,1.932,1.0246,0.7026,1.5954,0.1025,0.0,0.0,0.0732,0.0,0.0878,0.0585,0.0,1.288,0.9806,0.3074,0.322,0.3513,68.3222
231,M. Depay,4.0,26.0,176.0,78.0,3.6666666666666665,44.0,9807267,3.0889,1.2944,0.4903,0.0,0.3138,27.4472,2.6182,4.55,0.1667,0.0294,0.255,7.6193,2.9614,3.2066,1.7651,1.3042,0.912,0.0883,0.0,0.0,0.0196,0.0,0.049,0.0196,0.0,1.1963,1.0002,0.1961,0.402,0.2648,101.9778
232,M. Diakhaby,3.0,24.0,189.0,78.0,5.818181818181818,17.5,72468,0.3937,0.1514,0.0757,0.0,0.0,37.5656,0.106,10.9775,0.6057,0.7722,1.181,4.9058,2.9526,0.4088,0.3634,0.7873,1.0296,0.318,0.0151,0.0151,0.0,0.0303,0.0,0.0,0.0,1.2567,0.969,0.2877,0.0606,1.0448,66.0444
233,M. Fernandes,3.0,30.0,188.0,81.0,5.444444444444445,24.0,1810,0.6769,0.1692,0.0398,0.0,0.1493,32.8105,1.3837,5.3656,0.9955,0.0995,1.3638,7.7348,4.6289,1.2244,0.657,0.9955,0.8262,0.0995,0.01,0.0,0.0199,0.0,0.0,0.0,0.0,1.0253,1.0253,0.0,0.0398,0.0199,100.4556
234,M. Guendouzi,2.0,21.0,185.0,68.0,5.7272727272727275,40.5,913272,0.9021,0.2615,0.0131,0.0,0.0392,55.8512,0.6668,10.1322,1.3466,0.1961,1.2943,9.4785,5.2034,1.8565,1.242,2.6017,0.9805,0.3138,0.0131,0.0131,0.0131,0.0,0.0,0.0,0.0,1.3205,0.9675,0.353,0.2223,0.6145,76.4889
235,M. GÃ³mez,4.0,24.0,186.0,91.0,6.857142857142857,32.0,137169,2.2691,0.9463,0.4302,0.0,0.129,13.1844,0.8711,5.1189,0.1398,0.0323,0.1183,9.9474,4.635,0.8496,0.3871,2.3981,1.8389,0.2473,0.0108,0.0,0.0,0.0,0.0108,0.0108,0.0,1.1399,1.0001,0.1398,0.2796,0.1613,92.9889
236,M. Halstenberg,3.0,29.0,186.0,82.0,6.4,17.5,43758,1.0933,0.3762,0.1058,0.0,0.1528,36.8182,1.5987,8.029,1.2461,0.1176,1.6575,7.6646,4.7962,1.3401,0.8817,0.7288,0.8699,0.1763,0.0118,0.0,0.0118,0.0118,0.047,0.0,0.0,1.0697,1.011,0.0588,0.1176,0.1411,85.0667
237,M. Hummels,3.0,32.0,191.0,92.0,6.4,24.0,3051209,1.0202,0.234,0.0562,0.0,0.0655,64.6361,0.3463,7.2629,1.2354,0.3182,1.9468,6.7013,4.4083,0.5803,0.4586,0.2901,0.7862,0.1591,0.0094,0.0,0.0,0.0281,0.0094,0.0,0.0,1.0576,1.0295,0.0281,0.0936,0.1872,106.8444
238,M. Icardi,4.0,27.0,181.0,75.0,7.111111111111111,60.0,6510041,2.9137,1.4066,0.7368,0.0,0.1005,10.65,1.1052,7.4795,0.1898,0.0335,0.1228,4.778,2.1099,0.614,0.2903,0.7145,0.6363,0.0335,0.0,0.0,0.067,0.0,0.1675,0.0223,0.0,1.161,1.0047,0.1563,0.3684,0.2456,89.5778
239,M. Keane,3.0,27.0,191.0,82.0,5.0,20.0,122044,0.7173,0.1606,0.0321,0.0,0.0321,35.7281,0.182,6.9058,1.0814,0.6745,1.3704,10.6103,6.1456,0.1713,0.1499,0.2677,0.6424,0.0535,0.0,0.0,0.0,0.0107,0.0,0.0,0.0,1.0493,0.9957,0.0535,0.0321,0.2463,93.4
240,M. Kovacic,2.0,26.0,178.0,78.0,6.888888888888889,36.0,4180800,0.9977,0.19,0.0317,0.0,0.0792,70.4576,1.1878,12.5744,2.0113,0.095,0.7602,10.7848,6.4139,3.7375,3.0406,1.8371,0.9344,0.2217,0.0,0.0,0.0,0.0,0.0,0.0,0.0,1.3936,1.0294,0.3642,0.5543,0.4909,63.1444
241,M. Maignan,1.0,25.0,191.0,89.0,2.8,17.5,111840,0.0087,0.0,0.0,1.1354,0.0,14.5677,0.0175,2.1135,0.0,0.0,0.0087,0.4978,0.4454,0.0961,0.0873,0.2183,0.0,0.0175,0.0,0.0087,0.0,0.0,0.0,0.0,0.0437,1.0044,1.0044,0.0,0.0087,0.0611,114.5
242,M. Marega,4.0,29.0,183.0,83.0,4.7,19.0,428775,2.5667,1.201,0.4746,0.0,0.2131,10.0344,0.9201,4.4554,0.3196,0.0775,0.3293,7.4483,3.2932,1.879,0.9395,1.5013,1.2204,0.1065,0.0,0.0,0.0097,0.0,0.0291,0.0097,0.0,1.0945,1.017,0.0775,0.2615,0.1259,103.2444
243,M. Merino,2.0,24.0,188.0,83.0,7.0,24.0,114551,1.1339,0.3475,0.1463,0.0,0.0732,38.1508,0.7864,5.4318,1.7192,0.1463,1.3717,8.0654,3.9138,1.6643,1.1522,1.8289,2.5239,0.2743,0.0183,0.0,0.0549,0.0,0.0,0.0,0.0,1.1705,1.0059,0.1646,0.2378,0.2012,54.6778
244,M. Mount,2.0,21.0,178.0,70.0,5.916666666666667,40.5,917086,2.5827,0.889,0.2901,0.0,0.1778,26.6781,2.068,6.9339,0.758,0.0561,0.5334,8.7679,3.7898,1.8528,1.1603,1.2165,1.0574,0.131,0.0,0.0,0.0187,0.0,0.0187,0.0,0.0,1.1603,0.9825,0.1778,0.1965,0.262,106.8667
245,M. Oyarzabal,4.0,23.0,181.0,78.0,7.0,48.0,67986,2.0782,0.8636,0.3606,0.0,0.1423,21.8642,1.4045,4.9346,0.5978,0.0569,0.503,8.7685,3.5681,2.9323,1.6322,1.3286,0.9679,0.1044,0.0,0.0,0.019,0.0,0.0759,0.0,0.0,1.1103,1.0344,0.0759,0.3511,0.0949,105.3778
246,M. Pjanic,2.0,30.0,178.0,72.0,7.222222222222222,52.0,5158815,1.3099,0.3812,0.1369,0.0,0.1857,66.0508,2.1017,7.7028,0.8211,0.2248,1.6813,6.1193,2.6491,0.9091,0.694,0.9873,1.3978,0.2444,0.0098,0.0,0.0196,0.0,0.0293,0.0,0.0,1.1437,1.0362,0.1075,0.303,0.176,102.3
247,M. Politano,4.0,27.0,171.0,67.0,6.166666666666667,22.5,422865,3.0076,0.8921,0.2167,0.0,0.1274,26.0238,2.1793,10.2082,0.1912,0.0127,0.4333,9.3543,4.1419,3.6831,1.9881,1.746,0.5607,0.102,0.0,0.0127,0.0127,0.0,0.0,0.0255,0.0,1.3891,1.0195,0.3696,0.6882,0.5098,78.4667
248,M. Rashford,4.0,23.0,180.0,70.0,6.615384615384615,64.0,8377022,3.375,1.4243,0.4954,0.0,0.2064,20.57,1.2282,9.2683,0.6399,0.0103,0.258,10.93,4.6342,3.9117,1.9197,1.445,0.9495,0.1548,0.0,0.0103,0.0722,0.0103,0.0722,0.0206,0.0,1.3933,0.9702,0.4232,0.5161,0.4851,96.8889
249,M. Rashica,2.0,24.0,177.0,73.0,5.7,28.0,283652,2.7462,1.1359,0.3495,0.0,0.1872,14.9917,1.5229,7.2275,0.5742,0.0624,0.4369,8.7878,3.9695,4.1567,2.0721,1.7975,1.086,0.0374,0.0,0.0,0.0,0.0125,0.0374,0.0,0.0,1.2483,1.0361,0.2122,0.5243,0.3495,80.1111
250,M. Reus,4.0,31.0,180.0,71.0,5.090909090909091,32.0,8519824,2.6329,1.2881,0.5662,0.0,0.2265,30.6606,1.4863,9.1727,0.9484,0.0849,0.5237,6.8795,3.0151,2.364,1.0758,1.2457,1.2174,0.0991,0.0,0.0142,0.0283,0.0142,0.0708,0.0283,0.0,1.1041,1.0475,0.0566,0.3822,0.0566,70.6444
251,M. Roca,2.0,24.0,184.0,74.0,7.0,16.0,34822,0.8258,0.1927,0.0413,0.0,0.0413,44.2223,0.6744,8.0104,1.4176,0.4267,0.9497,5.6155,2.6839,0.9084,0.6331,0.6331,1.8718,0.2477,0.0138,0.0,0.0,0.0,0.0275,0.0,0.0,1.1286,0.991,0.1376,0.1927,0.4267,72.6556
252,M. Sabitzer,2.0,26.0,177.0,77.0,6.545454545454546,32.0,118351,2.4706,0.8235,0.2549,0.0,0.1863,31.8333,1.6765,7.2843,0.8431,0.049,0.9804,6.5294,3.0882,1.2059,0.6078,1.3039,0.8431,0.2255,0.0,0.0,0.0098,0.0,0.0,0.0,0.0,1.1569,1.0294,0.1275,0.2549,0.1471,102.0
253,M. Salah,4.0,28.0,175.0,71.0,6.153846153846154,120.0,38661405,4.0542,1.763,0.7068,0.0,0.2485,22.0573,1.864,6.2444,0.4039,0.0078,0.2019,9.9568,3.6892,3.6426,2.1902,0.8543,0.6912,0.0311,0.0,0.0,0.0699,0.0,0.0699,0.0078,0.0,1.0951,1.033,0.0621,0.4116,0.0777,128.7556
254,M. Sanson,2.0,26.0,180.0,73.0,4.454545454545454,22.5,251099,1.4756,0.4919,0.2208,0.0,0.1004,30.7462,1.1343,5.8521,1.1142,0.0502,1.0038,9.8171,4.4368,2.2385,1.4053,1.8771,1.7466,0.2409,0.0,0.0,0.0,0.0,0.0,0.0,0.0,1.2046,1.0439,0.1606,0.5019,0.2509,99.6222
255,M. Sarr_NICE,3.0,21.0,180.0,70.0,3.727272727272727,16.0,36511,0.2782,0.0397,0.0265,0.0,0.0132,54.5113,0.212,6.8354,0.6888,0.2252,1.8678,5.5902,3.2853,0.3312,0.2517,0.7683,0.7551,0.0927,0.0,0.0,0.0,0.0397,0.0,0.0,0.0,1.1525,0.9935,0.159,0.1192,0.4769,75.4889
256,M. Sissoko,2.0,31.0,187.0,83.0,5.25,20.0,900662,0.791,0.2147,0.0452,0.0,0.1243,44.678,1.1977,8.6102,1.2316,0.1017,0.7119,8.6215,4.0452,2.339,1.3898,0.5763,1.3559,0.1582,0.0,0.0,0.0,0.0226,0.0,0.0,0.0,1.3333,0.9944,0.339,0.3051,0.4859,88.5
257,M. Thuram,4.0,23.0,189.0,79.0,3.888888888888889,22.5,377,2.0781,1.0218,0.3559,0.0,0.1148,16.6246,1.0563,3.961,0.7003,0.023,0.333,11.6877,5.8324,3.9265,2.6177,1.7336,1.7336,0.1148,0.0,0.023,0.0689,0.0115,0.0459,0.0115,0.0,1.2514,1.0333,0.2181,0.4248,0.2526,87.1
258,M. Vecino,2.0,29.0,187.0,81.0,7.1,18.5,346336,1.8119,0.6471,0.1424,0.0,0.0777,43.7834,0.893,10.1984,1.113,0.22,0.906,9.1501,4.4003,1.0095,0.6601,0.893,1.8378,0.2847,0.0,0.0129,0.0,0.0,0.0129,0.0,0.0,1.2166,1.0095,0.2071,0.2588,0.44,77.2667
259,M. Verratti,2.0,28.0,165.0,60.0,4.384615384615385,60.0,4860797,0.2082,0.0657,0.0329,0.0,0.1424,80.3798,1.26,8.0752,1.5121,0.0877,0.9533,8.1519,4.6129,1.6874,1.3806,2.2571,1.3696,0.3944,0.0219,0.0,0.0,0.0,0.0,0.0,0.0,1.1833,1.0299,0.1534,0.4273,0.2082,91.2667
260,M. de Ligt,3.0,21.0,188.0,89.0,4.454545454545454,67.5,4987874,0.911,0.2822,0.1048,0.0,0.0242,48.2569,0.2015,5.0466,0.4756,0.4918,1.0964,5.8124,3.4826,0.2418,0.2015,0.4595,0.7175,0.137,0.0,0.0,0.0242,0.0242,0.0,0.0,0.0,1.0238,0.9835,0.0403,0.0242,0.1048,124.0444
261,M. de Roon,2.0,29.0,185.0,76.0,5.7272727272727275,19.0,127520,0.7875,0.2035,0.0619,0.0,0.0973,47.1589,0.8405,6.5385,1.1679,0.1681,1.5307,7.2375,3.4949,0.4601,0.3008,0.4866,1.743,0.2743,0.0088,0.0,0.0,0.0088,0.0177,0.0088,0.0,1.1237,1.0175,0.1062,0.1504,0.1416,113.0222
262,M. ter Stegen,1.0,28.0,187.0,85.0,5.6,72.0,11358156,0.0,0.0,0.0,0.8516,0.0156,23.3828,0.0156,4.9922,0.0156,0.0,0.0547,0.1953,0.1484,0.0156,0.0156,0.0625,0.0,0.0,0.0,0.0,0.0,0.0,0.0,0.0,0.0156,1.0,1.0,0.0,0.0,0.1641,128.0
263,M. Ã–zil,2.0,32.0,180.0,76.0,6.545454545454546,17.5,22044600,0.9271,0.3383,0.1503,0.0,0.2255,55.5986,2.9691,10.7238,0.8143,0.0376,0.3383,7.0908,3.2823,1.9669,1.3655,1.1025,0.6765,0.1002,0.0,0.0,0.0251,0.0,0.0,0.0,0.0,1.1651,1.0398,0.1253,0.451,0.238,79.8222
264,Malcom,4.0,23.0,172.0,65.0,3.272727272727273,30.5,2701605,1.9996,0.8513,0.3168,0.0,0.1782,32.4087,2.5143,7.9586,0.297,0.0,0.4158,10.9679,5.6027,3.524,2.3163,2.4945,0.7523,0.0594,0.0,0.0,0.0198,0.0,0.0396,0.0198,0.0,1.3264,0.9701,0.3564,0.4355,0.7721,50.5111
265,Marquinhos,3.0,26.0,183.0,75.0,4.666666666666667,52.0,3115459,0.4386,0.0914,0.0914,0.0,0.0548,56.6772,0.2284,6.6975,0.9137,0.3289,1.069,4.066,2.467,0.201,0.1553,0.3015,0.6487,0.0731,0.0,0.0091,0.0,0.0091,0.0,0.0,0.0,1.0416,0.9959,0.0457,0.0731,0.1645,109.4444
266,N'Golo KantÃ©,2.0,29.0,168.0,68.0,5.571428571428571,80.0,7000127,0.7781,0.1729,0.0778,0.0,0.0519,49.2363,1.2017,8.2651,2.2997,0.1643,1.8847,10.2795,4.8588,1.928,1.3141,0.5014,1.2882,0.1297,0.0,0.0,0.0,0.0,0.0086,0.0,0.0,1.0893,1.0115,0.0778,0.1383,0.121,115.6667
267,N. AkÃ©,3.0,25.0,180.0,75.0,3.5,28.0,689371,0.6451,0.2283,0.0794,0.0,0.0397,36.9765,0.2382,4.1581,1.439,0.8237,1.1909,7.691,4.4558,0.1786,0.1489,0.516,0.6252,0.0893,0.0,0.0,0.0099,0.0099,0.0,0.0,0.0,1.042,1.0023,0.0397,0.0298,0.129,100.7667
268,N. Amiri,2.0,24.0,180.0,73.0,6.071428571428571,16.0,3211,2.8512,1.1371,0.1358,0.0,0.1697,51.8989,2.8852,17.2091,1.222,0.1358,1.0353,7.8408,3.8525,3.4452,1.9857,2.5797,2.1045,0.1867,0.0,0.017,0.0339,0.0,0.0,0.0,0.0,1.4256,1.0353,0.3903,0.577,0.594,58.9222
269,N. Barella,2.0,23.0,175.0,68.0,5.444444444444445,36.0,467394,1.1914,0.3315,0.1036,0.0,0.0829,37.8877,1.0464,6.009,1.295,0.0725,1.1086,9.8527,5.0248,2.1135,1.3365,1.9685,1.8338,0.3626,0.0311,0.0,0.0104,0.0311,0.0311,0.0104,0.0,1.0775,1.0153,0.0622,0.1865,0.0932,96.5222
270,N. Elvedi,3.0,24.0,189.0,78.0,6.0,28.0,56757,0.4058,0.116,0.058,0.0,0.029,50.4402,0.2609,6.0393,0.831,0.3189,1.691,6.2809,3.7975,0.8213,0.4831,0.6764,0.5604,0.116,0.0,0.0,0.0097,0.0097,0.0,0.0,0.0,1.0339,1.0146,0.0193,0.0966,0.029,103.4889
271,N. Fekir,4.0,27.0,173.0,72.0,4.5,32.0,1052652,3.2489,1.4909,0.4673,0.0,0.2225,30.3746,1.8358,5.6187,0.8122,0.0334,0.3338,11.5824,6.0415,4.0499,2.8149,3.3601,2.1474,0.267,0.0111,0.0,0.0668,0.0,0.1001,0.0223,0.0,1.146,1.0459,0.1001,0.3227,0.1669,89.8778
272,N. KeÃ¯ta,2.0,25.0,172.0,64.0,6.0,33.5,1508970,2.0514,0.6838,0.2279,0.0,0.1465,52.5217,1.4327,15.3528,1.4001,0.1302,1.3676,15.6621,7.9939,4.4935,2.8491,2.0351,1.7909,0.2279,0.0326,0.0163,0.0,0.0,0.0,0.0,0.0,1.4164,1.0745,0.3419,0.521,0.7001,61.4222
273,N. Maksimovic,2.0,25.0,189.0,78.0,6.8,20.0,17836,0.8731,0.2037,0.0437,0.0,0.0146,15.7737,0.2765,5.3258,1.2369,0.3201,1.8335,5.4131,2.7502,0.5238,0.3201,0.3347,0.5966,0.1601,0.0,0.0,0.0,0.0146,0.0,0.0,0.0,1.0477,1.004,0.0437,0.0728,0.0728,68.7222
274,N. Maupay,4.0,24.0,173.0,69.0,3.7777777777777777,17.5,30993,3.2919,1.3716,0.4979,0.0,0.1524,15.9923,1.1786,4.1251,0.3759,0.0102,0.2235,10.9833,3.6577,2.0422,0.8433,1.585,1.4529,0.2235,0.0,0.0,0.0203,0.0,0.061,0.0,0.0,1.2599,1.0059,0.254,0.3048,0.2946,98.4222
275,N. Milenkovic,3.0,23.0,195.0,90.0,7.0,24.0,62620,0.7373,0.2826,0.0737,0.0,0.0,38.3766,0.1229,5.8615,1.106,0.6144,1.2657,6.5989,3.8585,0.2703,0.2212,0.5038,1.6712,0.1966,0.0246,0.0,0.0,0.0,0.0,0.0,0.0,1.0322,1.0076,0.0246,0.0369,0.3072,81.3778
276,N. Mukiele,3.0,23.0,185.0,74.0,5.444444444444445,20.0,45741,0.7132,0.1813,0.0484,0.0,0.0363,35.2505,0.8825,5.9355,1.1242,0.0967,1.8496,7.8214,4.9201,1.5715,0.9308,1.4144,0.8704,0.1451,0.0,0.0,0.0,0.0,0.0,0.0,0.0,1.221,1.0154,0.2055,0.2539,0.5077,82.7222
277,N. NÃ¡ndez,2.0,25.0,175.0,70.0,6.75,21.0,1097347,0.8775,0.2671,0.1335,0.0,0.0763,29.9491,0.8966,6.028,1.2209,0.0763,0.7058,9.0038,4.4447,2.1937,1.1446,1.9267,1.7359,0.4197,0.0,0.0,0.0191,0.0,0.0,0.0,0.0,1.1827,0.9729,0.2098,0.2289,0.2671,52.4222
278,N. Semedo,3.0,27.0,177.0,67.0,6.363636363636363,32.0,3011108,0.2865,0.0836,0.0119,0.0,0.0716,52.0305,0.5849,10.2891,1.3607,0.1671,1.1698,8.5822,4.6552,2.6618,1.7188,1.4682,1.3488,0.2029,0.0,0.0,0.0477,0.0119,0.0,0.0,0.0,1.3249,1.0385,0.2865,0.2387,0.5968,83.7778
279,N. SÃ¼le,3.0,25.0,195.0,97.0,6.2,48.0,625272,0.6659,0.1937,0.0484,0.0,0.0242,69.4403,0.2179,10.0135,0.5812,0.3269,1.3198,5.1339,3.2813,0.1695,0.1211,0.339,0.6296,0.0605,0.0,0.0121,0.0,0.0242,0.0,0.0,0.0,1.1503,0.9808,0.1695,0.0242,0.3996,82.5889
280,N. Tagliafico,3.0,28.0,172.0,65.0,6.111111111111111,28.0,1049277,1.0887,0.3247,0.1146,0.0,0.1337,41.7243,0.9359,6.2171,1.5949,0.1815,2.378,7.7738,4.5936,0.85,0.5157,2.0055,1.3752,0.2674,0.0096,0.0,0.0191,0.0096,0.0,0.0,0.0,1.0314,1.0123,0.0191,0.0764,0.0382,104.7111
281,N. Vlasic,2.0,23.0,178.0,79.0,5.8,17.5,92992,2.9741,1.0139,0.2704,0.0,0.2028,29.9099,2.5854,5.4074,0.8956,0.0676,0.4563,7.3676,3.5486,3.4303,2.3658,1.3181,0.8956,0.1014,0.0169,0.0,0.0,0.0,0.0676,0.0338,0.0,1.0308,1.0139,0.0169,0.169,0.0169,59.1778
282,Neymar,4.0,28.0,175.0,68.0,5.416666666666667,128.0,139025980,3.683,1.8285,0.8948,0.0,0.4409,44.0663,2.866,8.1052,0.428,0.0389,0.2594,13.513,7.5735,8.6369,5.3559,3.8905,0.8689,0.2723,0.0259,0.0,0.0648,0.0,0.1816,0.013,0.0,1.0245,0.9986,0.0259,0.1297,0.0389,77.1111
283,O. Zinchenko,3.0,24.0,175.0,64.0,6.615384615384615,24.0,32800,0.8684,0.1478,0.0554,0.0,0.0924,79.7824,1.164,19.9918,2.1803,0.1478,1.2934,9.0536,4.8039,0.7391,0.425,0.2032,0.9793,0.0739,0.0185,0.0,0.0,0.0,0.0185,0.0,0.0,1.1825,0.9977,0.1848,0.1848,0.7575,54.1222
284,P. Aubameyang,4.0,31.0,187.0,80.0,5.0,56.0,9446820,3.2074,1.4378,0.7465,0.0,0.1382,16.7926,1.023,7.2903,0.5346,0.0276,0.2949,7.9447,2.8111,1.53,0.7097,0.5991,0.6083,0.0461,0.0092,0.0092,0.0184,0.0,0.0922,0.0276,0.0,1.106,0.9954,0.1106,0.1659,0.1106,108.5
285,P. Coutinho,2.0,28.0,172.0,68.0,6.666666666666667,56.0,22332490,3.4761,1.5545,0.4534,0.0,0.2915,47.9633,2.1698,9.8129,0.7125,0.0432,0.5506,9.7481,4.6743,4.3613,2.6772,1.8568,0.7341,0.0324,0.0,0.0,0.0216,0.0,0.054,0.0,0.0,1.371,1.0255,0.3454,0.6369,0.3994,92.6333
286,P. Dybala,4.0,27.0,177.0,75.0,7.333333333333333,72.0,38548092,3.8451,1.4279,0.5172,0.0,0.1911,44.1849,2.2711,8.7583,0.3373,0.0112,0.461,8.9157,4.8008,4.0362,2.6196,2.8332,0.7308,0.0899,0.0112,0.0,0.0675,0.0,0.0675,0.0225,0.0,1.3379,1.0119,0.326,0.416,0.416,88.9444
287,P. Kimpembe,3.0,25.0,183.0,77.0,3.769230769230769,28.0,2500000,0.2779,0.0962,0.0107,0.0,0.0107,54.4554,0.1283,6.9058,1.0156,0.1924,1.0156,5.174,3.2284,0.6735,0.4917,1.3683,1.0049,0.2031,0.0214,0.0107,0.0,0.0321,0.0,0.0,0.0,1.069,1.0049,0.0641,0.0214,0.3742,93.5444
288,P. LÃ³pez,1.6666666666666667,23.333333333333332,173.66666666666666,62.333333333333336,3.888888888888889,19.0,128151,0.3036,0.1012,0.0434,0.6361,0.0289,18.347,0.2169,5.7687,0.2313,0.0723,0.3036,1.6771,0.7663,0.188,0.0434,0.2747,0.2747,0.0578,0.0,0.0,0.0,0.0,0.0,0.0,0.0145,1.1855,1.0699,0.1157,0.3036,0.506,69.1667
289,P. Pogba,2.0,27.0,191.0,84.0,5.833333333333333,80.0,41084974,2.7915,1.0425,0.2548,0.0,0.2896,52.7606,1.7143,9.556,1.1815,0.139,0.6486,14.0965,7.2626,3.0811,2.0965,2.0502,1.6564,0.1506,0.0116,0.0116,0.0232,0.0,0.0927,0.0232,0.0,1.1004,1.0077,0.0927,0.1622,0.1274,86.3333
290,P. Zielinski,2.0,26.0,177.0,64.0,7.0,32.0,521490,2.1496,0.6661,0.1615,0.0,0.0908,52.6497,1.645,9.4158,0.6055,0.1211,0.7165,6.1157,3.1487,2.2505,1.4936,1.3725,0.7266,0.1514,0.0,0.0,0.0101,0.0101,0.0,0.0,0.0,1.322,0.9486,0.3734,0.3028,0.434,99.0889
291,Pizzi,2.0,31.0,177.0,71.0,5.083333333333333,21.5,540211,1.7193,0.7916,0.366,0.0,0.3149,46.4895,2.5109,5.5409,0.7745,0.0766,0.4937,6.0601,2.8343,1.7704,0.9448,1.498,0.8767,0.1447,0.0,0.0,0.034,0.0,0.0936,0.034,0.0,1.1405,1.0639,0.0766,0.5618,0.1021,117.4889
292,R. Bentancur,2.0,23.0,187.0,72.0,7.111111111111111,40.0,1353548,0.8102,0.1488,0.0496,0.0,0.1488,53.0608,1.2236,12.8477,1.7196,0.248,1.6535,7.573,3.9023,1.7858,1.1574,1.0748,2.0669,0.3638,0.0165,0.0,0.0165,0.0,0.0,0.0,0.0,1.5543,0.9425,0.6118,0.1819,1.1078,60.4778
293,R. Dias,3.0,23.0,187.0,70.0,5.6,30.5,316192,0.493,0.1585,0.088,0.0,0.0264,45.6778,0.2993,5.8979,0.8011,0.3697,0.9331,5.7218,3.1338,0.2377,0.1496,0.6426,1.2236,0.2201,0.0088,0.0,0.0,0.044,0.0,0.0,0.0,1.0035,1.0035,0.0,0.0264,0.0264,113.6
294,R. Firmino,4.0,29.0,181.0,76.0,6.076923076923077,72.0,13194716,2.773,1.198,0.4356,0.0,0.2848,29.7319,1.7174,6.9785,1.2734,0.0586,0.3602,12.9852,4.6998,2.5803,1.7342,0.5697,1.265,0.0251,0.0,0.0,0.0168,0.0,0.0168,0.0168,0.0,1.1896,1.0221,0.1676,0.5781,0.1759,119.3667
295,R. Fraser,2.1666666666666665,24.833333333333332,135.83333333333334,58.333333333333336,4.666666666666667,17.5,32200,1.2319,0.5429,0.167,0.0,0.2192,24.6793,1.9835,6.5665,0.4593,0.1357,0.5742,5.6792,2.8187,1.1275,0.5533,1.6808,0.2506,0.0418,0.0,0.0,0.0104,0.0,0.0,0.0,0.0,1.1484,0.9813,0.167,0.2819,0.2714,95.7889
296,R. Freuler,2.0,28.0,181.0,77.0,5.5,20.0,62171,0.915,0.2903,0.0968,0.0,0.1056,48.8094,1.1261,6.1408,0.9853,0.2463,0.9765,8.6217,4.6276,1.2317,0.739,1.5572,1.2405,0.1496,0.0,0.0088,0.0088,0.0,0.0,0.0,0.0,1.0733,1.0293,0.044,0.2375,0.1496,113.6667
297,R. Gosens,3.0,26.0,183.0,76.0,6.222222222222222,20.0,66299,1.2396,0.3678,0.1771,0.0,0.1226,30.8673,0.9399,7.7781,1.512,0.1498,1.3758,6.1435,3.8141,1.3077,0.613,1.2124,1.0489,0.1226,0.0,0.0,0.0136,0.0,0.0,0.0,0.0,1.2532,1.0353,0.218,0.3542,0.6811,73.4111
298,R. Guerreiro,3.0,27.0,170.0,71.0,5.818181818181818,28.0,684951,1.5283,0.655,0.2495,0.0,0.1404,52.4935,1.5907,11.5717,1.0293,0.0468,1.31,4.7721,2.464,2.2145,1.2944,0.7798,0.4211,0.078,0.0,0.0,0.0,0.0,0.0,0.0,0.0,1.31,0.9669,0.3431,0.3899,0.5458,64.1222
299,R. James,3.0,21.0,183.0,82.0,6.285714285714286,22.5,574586,1.0549,0.3037,0.0799,0.0,0.0959,34.3953,1.6622,6.4891,1.4385,0.3516,0.975,10.4688,6.0575,1.8221,1.3745,1.3905,1.0868,0.1279,0.0,0.0,0.0,0.032,0.016,0.0,0.0,1.1508,0.975,0.1758,0.1119,0.2397,62.5667
300,R. JimÃ©nez,4.0,29.0,187.0,76.0,5.8,40.0,2079626,3.4558,1.2518,0.4815,0.0,0.2675,21.0021,1.5086,5.6812,0.6312,0.0535,0.6419,12.0792,5.1462,2.2147,1.2411,1.1662,1.4872,0.1391,0.0,0.0,0.0428,0.0,0.0856,0.0,0.0,1.3695,0.9522,0.4173,0.4387,0.4494,93.4667
301,R. Lewandowski,4.0,32.0,184.0,80.0,6.8,56.0,17410571,4.4525,2.0108,0.9655,0.0,0.1436,17.0919,1.157,5.4101,0.2793,0.008,0.2314,8.3225,3.6306,2.2821,1.2528,1.4602,1.0932,0.1277,0.0,0.0,0.0479,0.0,0.1596,0.016,0.0,1.0613,0.9974,0.0638,0.1197,0.1117,125.3222
302,R. Lukaku,4.0,27.0,190.0,94.0,5.6875,68.0,6017371,2.6585,1.3736,0.6115,0.0,0.1506,14.9143,1.1609,7.8161,0.2747,0.062,0.0709,8.6757,3.846,1.6926,1.0102,0.4165,0.9393,0.0975,0.0,0.0,0.0089,0.0,0.0532,0.0089,0.0,1.1786,0.9925,0.1861,0.2038,0.2038,112.8444
303,R. Mahrez,4.0,29.0,179.0,67.0,7.454545454545454,48.0,5333408,2.8895,1.3085,0.3707,0.0,0.3925,39.8425,2.1917,9.9225,1.0904,0.0327,0.5997,10.9038,4.983,3.8599,2.1808,1.4611,0.7087,0.0436,0.0,0.0,0.0436,0.0,0.0,0.0218,0.0,1.3194,0.9922,0.3271,0.3925,0.6106,91.7111
304,R. Neves,2.0,23.0,180.0,80.0,6.125,40.0,413959,2.152,0.4986,0.1312,0.0,0.0612,49.1203,0.7873,4.9427,1.3559,0.2274,1.8371,8.0307,3.8404,0.7786,0.5861,0.5686,0.936,0.2537,0.0087,0.0,0.0,0.0,0.0175,0.0175,0.0,1.0935,1.0323,0.0612,0.2274,0.1225,114.3111
305,R. Orsolini,4.0,23.0,183.0,73.0,6.111111111111111,20.0,102123,2.6526,0.9783,0.3386,0.0,0.2069,19.5276,1.4674,10.9302,0.903,0.0564,0.5832,7.8073,3.6873,3.2922,1.2981,2.1635,1.2981,0.0941,0.0,0.0,0.0753,0.0188,0.0,0.0,0.0,1.5615,0.9594,0.602,0.4139,1.0911,53.1556
306,R. Pereira,3.0,27.0,175.0,70.0,6.333333333333333,32.0,683382,0.6974,0.218,0.0872,0.0,0.1308,39.682,1.0752,5.4634,3.7197,0.2325,1.7,15.1405,8.3549,3.3274,2.0488,1.3804,1.3949,0.1162,0.0,0.0,0.0145,0.0291,0.0,0.0,0.0,1.0171,1.0026,0.0145,0.0291,0.1308,68.8222
307,R. Sessegnon,2.0,20.0,178.0,70.0,6.777777777777778,31.5,316846,1.1617,0.4928,0.2229,0.0,0.176,24.5359,1.2438,7.8383,0.5398,0.0352,0.5984,9.927,3.9309,2.4289,1.2438,0.5984,0.7744,0.0469,0.0,0.0,0.0,0.0352,0.0,0.0,0.0,1.1969,1.0091,0.1877,0.1995,0.2934,85.2222
308,R. Silva,2.0,27.0,172.0,63.0,4.454545454545454,24.0,44300,2.1296,0.9218,0.4609,0.0,0.1589,21.9795,1.3986,9.1224,1.1602,0.0477,0.7311,9.8852,4.8949,4.3387,2.4951,2.0502,1.3668,0.1907,0.0159,0.0,0.0159,0.0159,0.0,0.0,0.0,1.3827,0.9695,0.4132,0.4768,0.6357,62.9222
309,R. Sterling,4.0,26.0,170.0,69.0,6.6923076923076925,128.0,7015127,2.7386,1.1621,0.5607,0.0,0.26,31.953,1.9747,8.0126,0.7233,0.0406,0.5282,11.2713,4.7783,4.3314,2.4217,1.5278,1.2271,0.1463,0.0081,0.0,0.1056,0.0081,0.0163,0.0163,0.0,1.1377,0.9833,0.1544,0.2844,0.2682,123.0556
310,R. Varane,3.0,27.0,191.0,81.0,6.583333333333333,64.0,13905800,0.5389,0.0972,0.0442,0.0,0.0177,45.3004,0.1678,8.5601,0.636,0.371,1.1131,4.4876,2.9947,0.3092,0.2562,0.3357,0.4594,0.0707,0.0,0.0088,0.0,0.0177,0.0,0.0,0.0,1.0247,1.0159,0.0088,0.0442,0.1502,113.2
311,Raphinha,4.0,24.0,176.0,58.0,5.909090909090909,16.0,106000,2.2203,0.8298,0.3364,0.0,0.1121,17.6389,1.9063,7.3449,0.7962,0.0224,1.2783,7.9056,3.7117,3.1959,1.4578,1.8054,1.1326,0.2467,0.0,0.0,0.0336,0.0,0.0336,0.0112,0.0,1.1774,1.0092,0.1682,0.2803,0.2243,89.1778
312,Richarlison,4.0,23.0,179.0,71.0,6.888888888888889,52.0,2605823,2.8412,0.8565,0.3238,0.0,0.094,16.6713,0.9088,6.3614,1.0132,0.0627,0.5745,13.3705,5.954,3.0084,1.5042,2.4965,1.0446,0.1567,0.0,0.0104,0.0313,0.0,0.0,0.0104,0.0,1.1595,1.0341,0.1253,0.3552,0.1253,95.7333
313,Rodri_city,2.0,24.0,191.0,82.0,6.5,64.0,11905800,0.9221,0.2758,0.0689,0.0,0.0517,69.4801,0.8187,8.4976,1.491,0.2327,1.3358,11.4795,6.7222,1.0256,0.8618,1.0773,1.8098,0.2155,0.0,0.0,0.0,0.0,0.0,0.0,0.0,1.1462,1.0083,0.1379,0.1896,0.2068,116.0333
314,Rodrigo_Val,4.0,29.0,182.0,77.0,7.111111111111111,40.0,361722,2.6706,1.0991,0.4006,0.0,0.226,22.6078,1.325,6.9231,0.2362,0.0514,0.3801,8.6692,3.9238,2.5063,1.4072,1.4278,0.9553,0.1438,0.0103,0.0103,0.0514,0.0,0.0205,0.0103,0.0,1.2634,1.0272,0.2362,0.5136,0.2568,97.3556
315,S. Aguero,4.0,32.0,173.0,70.0,7.25,52.0,13499337,4.4564,1.8305,0.9044,0.0,0.2179,22.2712,1.2748,10.7107,0.4576,0.0327,0.2724,8.0847,3.4649,3.1162,1.9068,0.8499,0.5884,0.0872,0.0,0.0,0.0109,0.0,0.1525,0.0327,0.0,1.2421,1.046,0.1961,0.632,0.3814,91.7778
316,S. Berge,2.0,22.0,195.0,96.0,2.6363636363636362,20.0,60393,0.1828,0.0731,0.0731,0.0,0.0122,7.5203,0.1341,4.0222,0.3169,0.0731,0.2316,0.9507,0.6338,0.3169,0.256,0.0609,0.1219,0.1097,0.0,0.0,0.0,0.0,0.0,0.0,0.0,1.1213,0.9995,0.1219,0.1828,0.1585,82.0444
317,S. Bergwijn,4.0,23.0,178.0,78.0,5.071428571428571,28.0,505348,2.4297,1.0099,0.31,0.0,0.31,25.0372,2.0298,8.4791,0.39,0.03,0.28,7.6791,3.5596,3.9896,2.4397,1.2899,0.7099,0.18,0.0,0.0,0.04,0.0,0.02,0.0,0.0,1.1499,1.0799,0.07,0.5399,0.08,100.0111
318,S. Busquets,2.0,32.0,189.0,76.0,6.3,28.0,2979400,0.246,0.082,0.0246,0.0,0.0656,72.3624,0.7462,6.5762,1.312,0.1394,1.6153,8.6507,5.0592,0.7052,0.5986,1.6235,1.2956,0.3116,0.0,0.0,0.0082,0.0082,0.0,0.0,0.0,1.1152,1.0168,0.0984,0.3034,0.1558,121.9556
319,S. Chukwueze,2.0,21.0,172.0,70.0,5.0,27.0,274,2.0495,0.7525,0.2562,0.0,0.0801,15.5791,1.2329,5.9242,0.5444,0.064,0.2562,5.3478,2.4017,3.3304,1.9854,0.9287,0.5924,0.0961,0.0,0.0,0.032,0.0,0.0,0.0,0.0,1.409,0.9447,0.4643,0.3843,0.5764,62.4556
320,S. Gnabry,2.0,25.0,175.0,75.0,5.833333333333333,72.0,1641709,3.261,1.4687,0.5227,0.0,0.2738,29.8963,1.6678,10.3305,1.0579,0.0373,0.5725,8.252,3.4601,4.4558,2.1906,0.9086,0.9708,0.0249,0.0,0.0,0.0373,0.0,0.0,0.0124,0.0,1.3567,1.0704,0.2863,0.7219,0.3361,80.3444
321,S. Haller,4.0,26.0,190.0,82.0,5.181818181818182,36.0,123480,2.1128,0.9513,0.4425,0.0,0.2102,19.4137,1.2611,5.8075,0.4646,0.0774,0.3982,21.25,10.3761,1.9027,0.9403,1.8252,1.781,0.0996,0.0,0.0,0.0111,0.0,0.0774,0.0,0.0,1.1726,0.9845,0.1881,0.2655,0.2655,90.4
322,S. Longstaff,2.0,23.0,181.0,65.0,5.111111111111111,17.5,57331,0.6124,0.175,0.1604,0.0,0.0292,15.4277,0.3937,7.9326,0.9041,0.1604,0.5979,4.3017,2.1436,0.5104,0.2916,0.7291,0.4666,0.1021,0.0,0.0146,0.0146,0.0,0.0,0.0,0.0,1.2103,0.9916,0.2187,0.3791,0.3937,68.5778
323,S. ManÃ©,4.0,28.0,175.0,69.0,5.538461538461538,120.0,7300802,2.6085,1.1948,0.5385,0.0,0.1599,27.2036,1.5567,6.4959,1.0939,0.0505,0.446,12.916,5.9742,3.534,2.1288,1.8091,1.3042,0.1178,0.0,0.0084,0.0505,0.0,0.0,0.0084,0.0,1.0939,1.0518,0.0421,0.4291,0.0926,118.8444
324,S. McTominay,2.0,24.0,193.0,88.0,5.5,22.5,1324103,1.2459,0.3757,0.1384,0.0,0.0198,41.4304,0.6131,18.174,1.4634,0.2373,1.6612,7.2577,3.9947,1.4832,1.0086,2.3533,1.503,0.1582,0.0,0.0,0.0198,0.0,0.0,0.0,0.0,1.4634,0.9888,0.4746,0.178,1.0481,50.5667
325,S. Milinkovic-Savic,2.0,25.0,191.0,76.0,7.0,64.0,470134,2.6927,0.8976,0.2537,0.0,0.1463,41.9024,1.7268,6.5756,0.8195,0.1561,1.0732,12.8195,6.0683,2.478,1.5317,1.4732,2.078,0.2829,0.0,0.0098,0.0293,0.0293,0.0,0.0098,0.0,1.1512,1.0439,0.1073,0.3024,0.1463,102.5
326,S. Roberto,3.0,28.0,178.0,68.0,6.3,40.0,7464820,0.3462,0.1324,0.0305,0.0,0.1731,60.93,0.9266,8.1966,0.8044,0.1426,1.4051,7.1479,4.1136,1.6597,1.0589,1.3644,0.8451,0.1833,0.0,0.0204,0.0102,0.0102,0.0,0.0,0.0,1.2219,0.9775,0.2444,0.2138,0.3462,98.2111
327,S. Savic,3.0,29.0,187.0,81.0,6.2727272727272725,25.5,300512,0.24,0.0706,0.0141,0.0,0.0282,31.1202,0.113,10.9711,0.5507,0.3812,1.5532,4.829,2.7393,0.1271,0.113,0.3954,0.8896,0.2259,0.0424,0.0,0.0,0.0141,0.0,0.0,0.0,1.0731,1.0166,0.0565,0.0424,0.3248,70.8222
328,S. Serdar,2.0,23.0,184.0,75.0,7.0,20.0,56937,1.8069,0.6324,0.1807,0.0,0.0151,20.1021,0.8733,7.9655,1.5961,0.1958,1.2046,11.3836,5.481,3.5084,2.1231,1.566,1.8672,0.1656,0.0151,0.0151,0.0,0.0,0.0,0.0,0.0,1.2799,0.9788,0.3012,0.4066,0.4066,66.4111
329,S. Tonali,2.0,20.0,173.0,0.0,1.1666666666666667,31.5,182918,0.2579,0.0679,0.0814,0.0,0.0679,9.1344,0.6515,0.9908,0.3257,0.1764,0.2986,0.0,0.0,0.5293,0.4208,0.6922,0.3122,0.285,0.0,0.0,0.0,0.0136,0.0,0.0,0.0,1.0451,1.0044,0.0407,0.1357,0.095,73.6778
330,S. Umtiti,3.0,27.0,182.0,75.0,5.5,32.0,6622992,0.2126,0.0911,0.0152,0.0,0.0152,62.6781,0.0759,11.1627,0.3797,0.3037,1.5947,5.4522,3.4931,0.4708,0.3797,1.0631,1.0935,0.243,0.0152,0.0,0.0,0.0,0.0,0.0,0.0,1.0631,0.9872,0.0759,0.0304,0.5467,65.8444
331,S. de Vrij,3.0,28.0,189.0,78.0,5.25,48.0,554634,0.494,0.1738,0.1006,0.0,0.0549,46.6602,0.2287,7.2995,0.5214,0.5397,1.5825,3.5034,2.1679,0.2378,0.2104,0.3293,0.5763,0.1006,0.0,0.0,0.0,0.0366,0.0,0.0,0.0,1.0245,1.0153,0.0091,0.0732,0.1921,109.3222
332,S. Ã‘Ã­guez,2.0,26.0,184.0,76.0,6.666666666666667,72.0,1268307,1.5175,0.4367,0.1332,0.0,0.0444,37.4198,0.6662,6.6697,1.3695,0.2147,1.4657,10.9409,5.7,1.8802,1.1696,0.8883,1.6508,0.2517,0.0,0.0,0.0074,0.0148,0.0,0.0074,0.0,1.0364,0.9919,0.0444,0.0592,0.0518,135.0889
333,Suso,2.0,27.0,177.0,70.0,6.0,17.5,1026005,2.6259,1.0115,0.1751,0.0,0.214,34.9146,2.6064,7.6054,0.3112,0.0195,0.4766,8.364,4.1625,3.3553,2.1007,2.1007,0.8558,0.1362,0.0097,0.0097,0.0,0.0,0.0,0.0,0.0,1.1379,1.0115,0.1264,0.389,0.2334,102.8222
334,T. Abraham,4.0,23.0,190.0,80.0,5.6,40.0,1691131,2.9817,1.3973,0.5391,0.0,0.121,12.2017,0.8582,6.1944,0.3191,0.154,0.187,12.5208,5.2922,1.7274,0.9022,1.3863,0.8912,0.055,0.0,0.0,0.033,0.0,0.077,0.011,0.0,1.2433,0.9902,0.2531,0.4181,0.2861,90.8889
335,T. Alderweireld,3.0,31.0,187.0,90.0,5.833333333333333,24.0,2109843,0.5292,0.1207,0.0093,0.0,0.0279,53.4912,0.2693,7.8087,0.9935,0.7149,0.7149,5.3389,2.7577,0.1021,0.065,0.1021,0.4643,0.13,0.0,0.0,0.0,0.0,0.0,0.0,0.0,1.0306,1.0121,0.0186,0.0464,0.13,107.7
336,T. Alexander-Arnold,3.0,22.0,175.0,69.0,4.3076923076923075,99.0,4360128,1.0225,0.2605,0.0579,0.0,0.2894,46.2251,1.8424,5.3633,1.6785,0.2026,1.4662,6.5788,3.135,1.3505,0.6752,0.2315,0.6174,0.1447,0.0,0.0,0.0,0.0,0.0,0.0,0.0,1.0804,0.9936,0.0868,0.1929,0.3859,103.6667
337,T. Bakayoko,2.0,26.0,185.0,77.0,6.538461538461538,25.5,1136691,1.3459,0.2868,0.0552,0.0,0.0662,44.316,0.8164,11.4182,2.0299,0.2206,1.7872,13.1282,7.2702,2.758,1.8865,2.2616,1.8313,0.2096,0.0221,0.011,0.0,0.0,0.0,0.0,0.0,1.1804,1.015,0.1655,0.1434,0.3089,90.6444
338,T. Cantwell,2.0,22.0,177.0,70.0,3.0,20.0,116879,1.1163,0.3843,0.1647,0.0,0.0732,25.4372,1.0065,5.6364,1.0797,0.0549,0.6039,9.7723,4.6116,2.2509,1.3176,1.9215,0.7137,0.183,0.0,0.0,0.0,0.0183,0.0,0.0,0.0,1.2627,1.0248,0.2379,0.5856,0.6588,54.6444
339,T. Castagne,3.0,25.0,185.0,80.0,4.9,16.0,38180,0.7729,0.327,0.1189,0.0,0.0892,35.9108,1.0256,8.4129,1.1742,0.1784,1.1742,7.6102,3.8646,1.4121,0.7432,0.5945,1.0107,0.1635,0.0,0.0,0.0149,0.0,0.0,0.0,0.0,1.2188,0.9661,0.2527,0.1635,0.981,67.2778
340,T. Courtois,1.0,28.0,199.0,96.0,5.818181818181818,48.0,6664476,0.0179,0.009,0.0,1.0313,0.009,17.487,0.0179,5.542,0.0,0.0,0.0448,0.2332,0.1883,0.009,0.009,0.0897,0.0179,0.0538,0.0,0.0,0.0,0.0,0.0,0.0,0.009,1.0044,1.0044,0.0,0.009,0.1614,111.5111
341,T. Davies,2.0,22.0,180.0,70.0,6.2,16.0,122000,0.8596,0.2407,0.0688,0.0,0.0516,30.9799,0.4986,12.4126,1.4269,0.1547,1.2378,11.6046,5.0888,1.4613,1.0143,1.7536,1.6848,0.3266,0.0,0.0,0.0,0.0,0.0,0.0,0.0,1.4613,0.9628,0.4986,0.3095,1.0315,58.1667
342,T. Delaney,2.0,29.0,182.0,71.0,5.444444444444445,17.5,146261,1.2469,0.3457,0.0741,0.0,0.1358,41.1975,0.6667,6.963,1.1481,0.2346,1.9136,11.0864,6.2222,0.5556,0.2963,1.5309,2.0741,0.2593,0.0,0.0,0.0,0.0,0.0,0.0,0.0,1.1235,1.0494,0.0741,0.2593,0.1975,81.0
343,T. Hazard,4.0,27.0,174.0,69.0,6.375,32.0,702956,2.2678,0.8273,0.3212,0.0,0.3017,28.7218,2.2678,5.3628,0.7105,0.0195,0.7202,9.5382,4.2143,3.3481,1.7714,1.5865,0.8954,0.0584,0.0,0.0,0.0097,0.0097,0.0876,0.0292,0.0,1.1193,1.0317,0.0876,0.3601,0.0973,102.7444
344,T. HernÃ¡ndez,3.0,23.0,184.0,81.0,6.125,32.0,1804339,1.0375,0.3507,0.1023,0.0,0.0877,40.8281,0.9644,8.68,1.2275,0.19,1.3151,8.6069,4.8222,3.5947,1.8704,2.3965,1.1544,0.2338,0.0146,0.0146,0.0292,0.0146,0.0,0.0,0.0,1.096,0.9791,0.1169,0.0585,0.6283,68.4333
345,T. Kehrer,3.0,24.0,186.0,76.0,4.3076923076923075,28.0,417950,0.5127,0.2307,0.0641,0.0,0.0128,46.2242,0.282,9.1141,1.0896,0.3333,1.1665,7.9091,4.7686,0.5256,0.3846,0.7307,1.1024,0.1538,0.0,0.0,0.0128,0.0385,0.0,0.0,0.0,1.1537,0.9742,0.1795,0.1154,0.3846,78.0111
346,T. Kroos,2.0,30.0,183.0,76.0,6.416666666666667,48.0,24579903,1.5044,0.5142,0.1047,0.0,0.2095,73.813,2.5804,8.8457,1.0664,0.0571,0.7046,6.1035,3.5802,0.857,0.6856,1.6854,0.857,0.0952,0.0,0.0,0.0286,0.0,0.0,0.0,0.0,1.1045,1.0284,0.0762,0.2571,0.1619,105.0222
347,T. Lemar,2.0,25.0,171.0,63.0,4.666666666666667,24.0,953000,1.3993,0.4478,0.0979,0.0,0.1959,35.527,1.7351,9.0672,0.5597,0.056,0.7976,9.277,4.4216,3.4981,2.0709,1.3993,0.6716,0.1119,0.0,0.0,0.028,0.0,0.0,0.0,0.0,1.4552,1.0354,0.4198,0.5877,0.5177,71.4667
348,T. Meunier,3.0,29.0,190.0,82.0,4.230769230769231,24.0,1155895,0.5398,0.2571,0.1414,0.0,0.1285,34.6915,0.8612,8.7789,1.054,0.1414,0.9126,4.3702,2.3522,0.8612,0.5013,0.1799,1.2211,0.1928,0.0,0.0,0.0129,0.0129,0.0,0.0,0.0,1.2082,0.9897,0.2185,0.2185,0.6298,77.8
349,T. MÃ¼ller,2.9130434782608696,27.82608695652174,186.08695652173913,60.08695652173913,3.9565217391304346,25.5,7411472,0.964,0.3695,0.1807,0.0,0.1807,17.0505,1.0282,3.9604,0.4499,0.1285,0.3615,3.9162,1.9039,0.4659,0.2571,0.3776,0.478,0.1406,0.008,0.008,0.0,0.004,0.004,0.0,0.0,1.1769,1.0082,0.1687,0.2852,0.5744,248.9667
350,T. Strakosha,1.0,25.0,186.0,78.0,6.1,20.0,159466,0.0,0.0,0.0,1.0638,0.0,18.352,0.0383,4.8291,0.0077,0.0,0.023,0.2602,0.2372,0.0153,0.0077,0.1148,0.0,0.0612,0.0,0.0,0.0,0.0,0.0,0.0,0.0383,0.9949,0.9949,0.0,0.0,0.023,130.6667
351,T. Werner,4.0,24.0,180.0,75.0,6.636363636363637,64.0,823676,3.554,1.63,0.6502,0.0,0.2405,19.2933,1.2114,6.057,0.3563,0.0178,0.2049,5.5582,2.12,2.6811,1.2292,1.0065,0.7304,0.0624,0.0,0.0,0.0267,0.0,0.0713,0.0356,0.0,1.1312,1.0243,0.1069,0.4008,0.1603,112.2667
352,Thiago AlcÃ¢ntara,2.0,29.0,174.0,70.0,6.9,48.0,5049274,1.1021,0.3857,0.1323,0.0,0.1323,79.9155,1.4769,8.817,1.8075,0.0882,2.083,9.1036,5.2572,2.8876,2.2814,1.0801,1.532,0.2425,0.0,0.0,0.022,0.011,0.0,0.0,0.0,1.2013,0.9699,0.2314,0.2314,0.2755,90.7333
353,Thomas Partey,2.0,27.0,185.0,77.0,7.090909090909091,40.0,7411513,1.245,0.2755,0.1123,0.0,0.0816,48.2402,0.847,9.3378,1.5002,0.1633,1.8369,8.8581,5.1741,1.9696,1.6635,1.0818,1.4185,0.296,0.0102,0.0,0.0,0.0102,0.0,0.0,0.0,1.2757,1.0103,0.2653,0.3062,0.3776,97.9889
354,U. NÃºÃ±ez,2.6363636363636362,23.727272727272727,180.1818181818182,75.63636363636364,6.363636363636363,16.0,40610,0.8116,0.1671,0.0239,0.0,0.0358,40.8885,0.5013,9.9894,0.7996,0.4655,1.6709,5.9912,3.5208,0.7161,0.5609,0.6445,1.277,0.3461,0.0119,0.0,0.0,0.0,0.0,0.0,0.0,1.1457,1.0145,0.1313,0.2148,0.8235,83.7889
355,V. LindelÃ¶f,3.0,26.0,187.0,80.0,6.384615384615385,28.0,1737260,0.1644,0.029,0.029,0.0,0.0193,46.1848,0.1838,10.0301,0.8705,0.4836,0.9092,5.6486,3.3176,0.2611,0.2321,0.3289,0.6577,0.087,0.0,0.0,0.0,0.0,0.0,0.0,0.0,1.0446,0.9962,0.0484,0.0387,0.2611,103.3889
356,V. Osimhen,4.0,22.0,185.0,78.0,4.25,27.0,172591,1.8529,0.7114,0.5129,0.0,0.0827,5.6912,0.5294,5.8732,0.1324,0.0331,0.2482,1.5221,0.546,0.9596,0.3143,0.8603,1.2904,0.0993,0.0,0.0,0.0496,0.0,0.0331,0.0165,0.0,1.2904,0.9761,0.3143,0.1654,0.5294,60.4444
357,V. Rongier,2.0,26.0,172.0,66.0,4.1,16.0,170526,1.8926,0.4423,0.0617,0.0,0.1234,51.2126,1.7383,5.2251,2.2731,0.1646,1.4194,7.1589,3.4251,1.6869,1.2549,0.864,1.584,0.0823,0.0,0.0,0.0,0.0,0.0103,0.0309,0.0,1.1211,1.0183,0.1029,0.2571,0.1337,97.2222
358,V. van Dijk,3.0,29.0,193.0,92.0,5.133333333333334,80.0,9310129,0.925,0.342,0.1011,0.0,0.0389,68.1258,0.2565,7.2759,0.8318,0.3576,1.166,8.1698,5.9544,0.171,0.1166,0.6996,0.4509,0.0622,0.0,0.0,0.0,0.0233,0.0,0.0,0.0,1.0028,0.995,0.0078,0.0078,0.0389,128.6444
359,W. Barrios,2.0,27.0,178.0,74.0,6.0,16.0,820996,0.311,0.0444,0.0444,0.0,0.0,42.0829,0.2962,7.3445,1.614,0.4146,2.0731,8.6772,4.9753,1.2734,0.8736,2.1323,1.5548,0.3702,0.0,0.0,0.0,0.0,0.0,0.0,0.0,1.0365,1.0217,0.0148,0.1037,0.0296,67.5333
360,W. Ben Yedder,4.0,30.0,170.0,68.0,7.0,40.0,427450,2.4211,1.396,0.6931,0.0,0.1855,19.2808,1.4741,6.4237,0.3807,0.0,0.2929,6.7849,2.5285,1.9232,1.152,0.82,0.6834,0.1074,0.0098,0.0,0.0195,0.0,0.0683,0.0,0.0,1.2301,1.0055,0.2245,0.4003,0.4295,102.4333
361,W. JosÃ©,4.0,29.0,189.0,93.0,6.142857142857143,24.0,117844,2.6355,1.0052,0.4903,0.0,0.1103,19.8461,1.2258,5.3691,0.1226,0.0858,0.0858,7.2569,3.04,0.9071,0.5516,1.2626,1.14,0.1716,0.0,0.0123,0.0,0.0123,0.0981,0.0368,0.0,1.2749,1.0665,0.2084,0.5026,0.2574,81.5778
362,W. McKennie,2.0,22.0,185.0,84.0,7.0,20.0,152427,1.1419,0.3217,0.0643,0.0,0.0965,28.4346,0.7881,8.1058,0.8685,0.3377,1.9299,10.2287,4.9535,1.4957,0.7559,0.6916,1.8978,0.2573,0.0,0.0,0.0161,0.0161,0.0,0.0,0.0,1.3831,0.9811,0.4021,0.3538,0.5147,62.1778
363,W. Ndidi,2.0,24.0,183.0,74.0,7.125,36.0,529117,1.2701,0.22,0.05,0.0,0.05,42.6547,0.5701,6.2107,3.8404,0.25,2.1702,15.6217,8.781,1.2401,0.9101,0.7401,1.5102,0.19,0.02,0.0,0.01,0.01,0.0,0.0,0.0,1.0701,1.0001,0.07,0.1,0.1,99.9889
364,W. Szczesny,1.0,30.0,195.0,90.0,6.111111111111111,32.0,2684961,0.0,0.0,0.0,0.7529,0.0,17.4,0.0118,7.7176,0.0118,0.0,0.0235,0.1647,0.1412,0.0353,0.0353,0.0471,0.0118,0.0235,0.0,0.0,0.0,0.0,0.0,0.0,0.0353,1.0118,1.0,0.0118,0.0,0.6118,85.0
365,W. Weghorst,4.0,28.0,197.0,84.0,6.0,21.5,48391,2.6578,1.2209,0.5635,0.0,0.169,16.9331,1.1176,3.6346,0.4038,0.0751,0.169,7.6824,3.6252,0.8171,0.4132,1.2397,1.1082,0.1784,0.0094,0.0,0.0282,0.0094,0.0939,0.0094,0.0,1.0331,1.0049,0.0282,0.1221,0.0282,106.4778
366,W. Zaha,4.0,28.0,180.0,66.0,3.888888888888889,44.0,1028085,2.028,0.712,0.2373,0.0,0.1187,21.4995,1.4779,4.2611,1.1758,0.0216,0.3452,18.3819,8.4358,7.0011,4.0453,3.0097,1.4671,0.205,0.0108,0.0,0.1187,0.0,0.0,0.0,0.0,1.0248,0.9924,0.0324,0.0647,0.0324,92.7
367,Wesley,3.769230769230769,23.076923076923077,188.23076923076923,86.76923076923077,1.6153846153846154,24.0,57900,0.4836,0.2579,0.3761,0.0,0.0107,4.1158,0.2042,2.3642,0.1397,0.0215,0.043,0.9994,0.4299,0.3224,0.1612,0.2794,0.5803,0.1612,0.0,0.0107,0.0,0.0,0.0,0.0107,0.0,1.2143,1.0531,0.1612,0.5158,0.3116,93.0556
368,Willian,4.0,32.0,175.0,77.0,6.153846153846154,22.5,8983450,2.5586,0.9795,0.2798,0.0,0.2798,38.4786,3.0083,8.6552,0.7696,0.03,0.5297,8.1555,4.2876,4.0677,2.8384,1.6691,0.6396,0.08,0.0,0.0,0.05,0.0,0.05,0.0,0.0,1.4592,1.0294,0.4298,0.5397,0.5197,100.0556
369,Y. Poulsen,4.0,26.0,192.0,84.0,6.545454545454546,24.0,109000,2.0141,0.7524,0.3357,0.0,0.2662,16.8656,1.2039,7.4315,0.3936,0.0695,0.301,14.2611,6.6791,1.9563,0.926,1.8637,1.7595,0.1042,0.0,0.0,0.0463,0.0,0.0116,0.0,0.0,1.4006,0.9492,0.4514,0.2894,0.5788,86.3889
370,Y. Tielemans,2.0,23.0,176.0,72.0,4.384615384615385,44.0,282254,1.6977,0.6011,0.1476,0.0,0.1371,38.4359,1.1705,6.6011,1.0018,0.1371,0.9807,9.6907,4.9139,1.5079,0.8858,1.4341,1.2232,0.1582,0.0,0.0,0.0,0.0,0.0105,0.0,0.0,1.2021,1.0334,0.1687,0.3058,0.2636,94.8333
